timestamp,nav,cash,gross_exposure,net_exposure,leverage,daily_pnl,drawdown
1546387200000000000,1e+06,1e+06,0,0,0,0,0
1546473600000000000,1e+06,1e+06,0,0,0,0,0
1546560000000000000,1e+06,1e+06,0,0,0,0,0
1546646400000000000,1e+06,1e+06,0,0,0,0,0
1546732800000000000,1e+06,1e+06,0,0,0,0,0
1546819200000000000,1e+06,1e+06,0,0,0,0,0
1546905600000000000,1e+06,1e+06,0,0,0,0,0
1546992000000000000,1e+06,1e+06,0,0,0,0,0
1547078400000000000,1e+06,1e+06,0,0,0,0,0
1547164800000000000,1e+06,1e+06,0,0,0,0,0
1547251200000000000,1e+06,1e+06,0,0,0,0,0
1547337600000000000,1e+06,1e+06,0,0,0,0,0
1547424000000000000,1e+06,1e+06,0,0,0,0,0
1547510400000000000,1e+06,1e+06,0,0,0,0,0
1547596800000000000,1e+06,1e+06,0,0,0,0,0
1547683200000000000,1e+06,1e+06,0,0,0,0,0
1547769600000000000,1e+06,1e+06,0,0,0,0,0
1547856000000000000,1e+06,1e+06,0,0,0,0,0
1547942400000000000,1e+06,1e+06,0,0,0,0,0
1548028800000000000,1e+06,1e+06,0,0,0,0,0
1548115200000000000,1e+06,1e+06,0,0,0,0,0
1548201600000000000,1e+06,1e+06,0,0,0,0,0
1548288000000000000,1e+06,1e+06,0,0,0,0,0
1548374400000000000,1e+06,1e+06,0,0,0,0,0
1548460800000000000,1e+06,1e+06,0,0,0,0,0
1548547200000000000,1e+06,1e+06,0,0,0,0,0
1548633600000000000,1e+06,1e+06,0,0,0,0,0
1548720000000000000,1e+06,1e+06,0,0,0,0,0
1548806400000000000,1e+06,1e+06,0,0,0,0,0
1548892800000000000,1e+06,1e+06,0,0,0,0,0
1548979200000000000,1e+06,1e+06,0,0,0,0,0
1549065600000000000,1e+06,1e+06,0,0,0,0,0
1549152000000000000,1e+06,1e+06,0,0,0,0,0
1549238400000000000,1e+06,1e+06,0,0,0,0,0
1549324800000000000,1e+06,1e+06,0,0,0,0,0
1549411200000000000,1e+06,1e+06,0,0,0,0,0
1549497600000000000,1e+06,1e+06,0,0,0,0,0
1549584000000000000,1e+06,1e+06,0,0,0,0,0
1549670400000000000,1e+06,1e+06,0,0,0,0,0
1549756800000000000,1e+06,1e+06,0,0,0,0,0
1549843200000000000,1e+06,1e+06,0,0,0,0,0
1549929600000000000,1e+06,1e+06,0,0,0,0,0
1550016000000000000,1e+06,1e+06,0,0,0,0,0
1550102400000000000,1e+06,1e+06,0,0,0,0,0
1550188800000000000,1e+06,1e+06,0,0,0,0,0
1550275200000000000,1e+06,1e+06,0,0,0,0,0
1550361600000000000,1e+06,1e+06,0,0,0,0,0
1550448000000000000,1e+06,1e+06,0,0,0,0,0
1550534400000000000,1e+06,1e+06,0,0,0,0,0
1550620800000000000,1e+06,1e+06,0,0,0,0,0
1550707200000000000,999840,926644,73196.4,73196.4,0.0732081,-159.523,0.000159523
1550793600000000000,999692,683080,316612,316612,0.31671,-148.335,0.000307858
1550880000000000000,1.00169e+06,683080,318605,318605,0.318069,1993.2,0
1550966400000000000,1.00254e+06,709705,292833,292833,0.292092,852.28,0
1551052800000000000,1.00035e+06,709705,290650,290650,0.290547,-2183.11,0.00217759
1551139200000000000,1.00025e+06,709705,290548,290548,0.290475,-101.51,0.00227884
1551225600000000000,1.00166e+06,709705,291955,291955,0.291472,1407.09,0.000875313
1551312000000000000,1.00411e+06,709705,294409,294409,0.293203,2453.42,0
1551398400000000000,1.00506e+06,709705,295358,295358,0.29387,948.724,0
1551484800000000000,1.00364e+06,837676,165968,165968,0.165366,-1418.59,0.00141144
1551571200000000000,1.00515e+06,837676,167476,167476,0.166618,1507.87,0
1551657600000000000,1.00466e+06,837676,166985,166985,0.166211,-490.555,0.000488041
1551744000000000000,1.0034e+06,837676,165720,165720,0.165159,-1265.72,0.00174727
1551830400000000000,1.00343e+06,837676,165752,165752,0.165186,32.6636,0.00171477
1551916800000000000,1.00283e+06,837676,165152,165152,0.164686,-600.743,0.00231244
1552003200000000000,1.00259e+06,837676,164918,164918,0.164492,-233.285,0.00254453
1552089600000000000,1.00231e+06,748537,253778,253778,0.253192,-278.892,0.00282199
1552176000000000000,1.00233e+06,748537,253797,253797,0.253206,19.3471,0.00280274
1552262400000000000,1.00092e+06,748537,252383,252383,0.252151,-1414.39,0.00420988
1552348800000000000,1.00083e+06,748537,252288,252288,0.25208,-94.461,0.00430386
1552435200000000000,1.00108e+06,748537,252540,252540,0.252269,251.823,0.00405332
1552521600000000000,1.00082e+06,591344,409477,409477,0.409141,-256.609,0.00430862
1552608000000000000,1.00057e+06,678291,322281,322281,0.322096,-248.907,0.00455625
1552694400000000000,1.00065e+06,835520,165134,165134,0.165026,81.9842,0.00447469
1552780800000000000,1.0018e+06,835520,166284,166284,0.165985,1150.34,0.00333024
1552867200000000000,1.00251e+06,835520,166989,166989,0.166571,704.332,0.00262952
1552953600000000000,1.00391e+06,835520,168392,168392,0.167736,1402.9,0.00123381
1553040000000000000,1.00455e+06,835520,169032,169032,0.168266,640.275,0.000596819
1553126400000000000,1.00377e+06,835520,168254,168254,0.167621,-778.06,0.00137089
1553212800000000000,1.00306e+06,835520,167544,167544,0.167032,-709.835,0.00207709
1553299200000000000,1.00395e+06,835520,168426,168426,0.167764,881.555,0.00120005
1553385600000000000,1.00496e+06,835520,169438,169438,0.168602,1012.12,0.000193124
1553472000000000000,1.00462e+06,835520,169095,169095,0.168319,-342.274,0.000533644
1553558400000000000,1.0042e+06,835520,168681,168681,0.167975,-414.639,0.000946158
1553644800000000000,1.00434e+06,835520,168824,168824,0.168094,143.709,0.000803185
1553731200000000000,1.00641e+06,835520,170893,170893,0.169804,2068.58,0
1553817600000000000,1.00512e+06,835520,169595,169595,0.168732,-1297.73,0.00128946
1553904000000000000,1.00486e+06,835520,169342,169342,0.168523,-253.124,0.00154097
1553990400000000000,1.00625e+06,835520,170727,170727,0.169667,1384.99,0.000164802
1554076800000000000,1.00719e+06,835520,171672,171672,0.170446,944.366,0
1554163200000000000,1.00695e+06,835520,171426,171426,0.170243,-245.677,0.000243923
1554249600000000000,1.00697e+06,835520,171454,171454,0.170267,28.5084,0.000215618
1554336000000000000,1.00823e+06,835520,172713,172713,0.171302,1258.24,0
1554422400000000000,1.01e+06,835520,174484,174484,0.172755,1771.07,0
1554508800000000000,1.00748e+06,835520,171955,171955,0.170679,-2528.33,0.00250329
1554595200000000000,1.00457e+06,835520,169055,169055,0.168285,-2900.37,0.00537493
1554681600000000000,1.00183e+06,835520,166310,166310,0.166006,-2745.25,0.00809299
1554768000000000000,1.00164e+06,835520,166118,166118,0.165846,-191.802,0.00828289
1554854400000000000,1.00241e+06,880869,121540,121540,0.121248,771.302,0.00751923
1554940800000000000,1.00049e+06,880869,119621,119621,0.119563,-1919.14,0.00941936
1555027200000000000,1.00049e+06,880869,119621,119621,0.119563,0,0.00941936
1555113600000000000,1.00225e+06,880869,121379,121379,0.121107,1757.73,0.00767904
1555200000000000000,1.00269e+06,831853,170839,170839,0.17038,443.959,0.00723948
1555286400000000000,1.00599e+06,831853,174135,174135,0.173098,3296,0.00397612
1555372800000000000,1.00595e+06,761774,244176,244176,0.242732,-36.9666,0.00401272
1555459200000000000,1.00335e+06,761774,241576,241576,0.240769,-2600.45,0.00658741
1555545600000000000,1.00007e+06,761774,238295,238295,0.238279,-3280.46,0.00983538
1555632000000000000,998778,761774,237004,237004,0.237294,-1291.19,0.0111138
1555718400000000000,1.00211e+06,761774,240337,240337,0.23983,3332.75,0.00781405
1555804800000000000,999202,722220,276983,276983,0.277204,-2908.91,0.0106941
1555891200000000000,1.00282e+06,722220,280599,280599,0.27981,3615.94,0.00711402
1555977600000000000,1.0026e+06,722220,280384,280384,0.279656,-214.196,0.0073261
1556064000000000000,1.00278e+06,722220,280560,280560,0.279782,175.475,0.00715236
1556150400000000000,1.00319e+06,722220,280970,280970,0.280076,409.717,0.0067467
1556236800000000000,1.00622e+06,722220,284002,284002,0.282246,3032.35,0.00374438
1556323200000000000,1.00635e+06,722220,284129,284129,0.282336,126.629,0.00361901
1556409600000000000,1.00494e+06,722220,282723,282723,0.281332,-1405.74,0.00501082
1556496000000000000,1.00497e+06,722220,282747,282747,0.28135,24.1667,0.0049869
1556582400000000000,1.00793e+06,722220,285710,285710,0.283462,2962.67,0.00205357
1556668800000000000,1.00623e+06,722220,284008,284008,0.282251,-1701.32,0.00373804
1556755200000000000,1.00737e+06,722220,285151,285151,0.283065,1142.9,0.00260646
1556841600000000000,1.00749e+06,722220,285275,285275,0.283153,124.01,0.00248368
1556928000000000000,1.005e+06,756780,248218,248218,0.246984,-2496.49,0.00495544
1557014400000000000,1.00199e+06,756780,245209,245209,0.244722,-3009.49,0.00793512
1557100800000000000,1.00016e+06,756780,243380,243380,0.243341,-1828.41,0.00974543
1557187200000000000,995310,756780,238530,238530,0.239654,-4850.29,0.0145477
1557273600000000000,997375,756780,240595,240595,0.241228,2065.14,0.012503
1557360000000000000,989842,756780,233061,233061,0.235453,-7533.84,0.0199622
1557446400000000000,988616,756780,231835,231835,0.234505,-1225.82,0.0211759
1557532800000000000,989306,756780,232526,232526,0.23504,690.721,0.020492
1557619200000000000,984650,826887,157764,157764,0.160223,-4656.25,0.0251022
1557705600000000000,985678,682240,303438,303438,0.307847,1027.84,0.0240845
1557792000000000000,981693,795755,185938,185938,0.189406,-3984.79,0.0280298
1557878400000000000,981392,836675,144718,144718,0.147461,-300.77,0.0283276
1557964800000000000,981856,981856,0,0,0,463.231,0.027869
1558051200000000000,981257,809560,171698,171698,0.174977,-598.247,0.0284613
1558137600000000000,980917,809560,171357,171357,0.174691,-340.305,0.0287982
1558224000000000000,979112,809560,169553,169553,0.17317,-1804.76,0.0305851
1558310400000000000,980021,809560,170461,170461,0.173936,908.179,0.0296859
1558396800000000000,980723,809560,171164,171164,0.174528,702.864,0.02899
1558483200000000000,981139,809560,171580,171580,0.174878,416.086,0.0285781
1558569600000000000,979679,809560,170119,170119,0.173648,-1460.85,0.0300244
1558656000000000000,979776,809560,170216,170216,0.17373,97.2404,0.0299282
1558742400000000000,980883,809560,171323,171323,0.174662,1106.75,0.0288324
1558828800000000000,980450,809560,170891,170891,0.174298,-432.263,0.0292603
1558915200000000000,980450,809560,170891,170891,0.174298,0,0.0292603
1559001600000000000,982289,809560,172729,172729,0.175843,1838.19,0.0274404
1559088000000000000,981237,809560,171678,171678,0.17496,-1051.16,0.0284811
1559174400000000000,980075,809560,170516,170516,0.173982,-1162.06,0.0296317
1559260800000000000,980574,654928,325646,325646,0.332097,498.393,0.0291382
1559347200000000000,980930,654928,326001,326001,0.332339,355.791,0.0287859
1559433600000000000,982651,654928,327722,327722,0.333509,1721,0.027082
1559520000000000000,989687,654928,334758,334758,0.338247,7036.06,0.0201156
1559606400000000000,989882,654928,334954,334954,0.338378,195.527,0.019922
1559692800000000000,995200,654928,340272,340272,0.341913,5318.13,0.0146566
1559779200000000000,996740,654928,341812,341812,0.34293,1540.1,0.0131317
1559865600000000000,996491,654928,341562,341562,0.342765,-249.655,0.0133789
1559952000000000000,995068,654928,340140,340140,0.341826,-1422.4,0.0147872
1560038400000000000,993048,654928,338120,338120,0.340487,-2020.11,0.0167873
1560124800000000000,995184,654928,340256,340256,0.341903,2136.09,0.0146724
1560211200000000000,994807,654928,339879,339879,0.341653,-377.479,0.0150461
1560297600000000000,993703,654928,338775,338775,0.340922,-1103.82,0.016139
1560384000000000000,993880,654928,338952,338952,0.341039,177.053,0.0159637
1560470400000000000,994407,576906,417501,417501,0.419849,527.13,0.0154418
1560556800000000000,994937,576906,418031,418031,0.420158,529.647,0.0149174
1560643200000000000,994232,576906,417326,417326,0.419747,-705.017,0.0156154
1560729600000000000,993693,576906,416787,416787,0.419433,-538.44,0.0161485
1560816000000000000,990367,576906,413461,413461,0.417483,-3326.07,0.0194417
1560902400000000000,993326,576906,416420,416420,0.419218,2959.02,0.016512
1560988800000000000,994647,576906,417741,417741,0.419989,1321.06,0.015204
1561075200000000000,996464,576906,419558,419558,0.421047,1816.66,0.0134053
1561161600000000000,995863,576906,418957,418957,0.420697,-600.983,0.0140003
1561248000000000000,994741,576906,417835,417835,0.420044,-1121.54,0.0151108
1561334400000000000,996861,576906,419955,419955,0.421277,2119.46,0.0130123
1561420800000000000,1.00016e+06,576906,423259,423259,0.423189,3303.79,0.00974124
1561507200000000000,1.00499e+06,576906,428088,428088,0.425961,4829.24,0.00495983
1561593600000000000,1.00553e+06,751551,253975,253975,0.252579,531.551,0.00443354
1561680000000000000,1.00121e+06,751551,249663,249663,0.24936,-4312.13,0.00870297
1561766400000000000,1.00636e+06,751551,254811,254811,0.2532,5148.05,0.0036059
1561852800000000000,1.00291e+06,751551,251363,251363,0.250633,-3447.4,0.00701915
1561939200000000000,1.00143e+06,751551,249882,249882,0.249525,-1481.13,0.00848561
1562025600000000000,1.00215e+06,751551,250596,250596,0.250059,713.552,0.00777912
1562112000000000000,1.00348e+06,635527,367957,367957,0.366679,1336.73,0.00645564
1562198400000000000,1.00767e+06,635527,372147,372147,0.369313,4190.67,0.00230647
1562284800000000000,1.00836e+06,635527,372829,372829,0.36974,682.145,0.00163108
1562371200000000000,1.00769e+06,635527,372167,372167,0.369326,-662.06,0.00228658
1562457600000000000,1.00807e+06,635527,372540,372540,0.369559,372.171,0.0019181
1562544000000000000,1.00461e+06,635527,369079,369079,0.367387,-3460.71,0.00534454
1562630400000000000,1.00324e+06,635527,367710,367710,0.366523,-1369.32,0.00670029
1562716800000000000,1.00561e+06,635527,370080,370080,0.368017,2370.72,0.00435306
1562803200000000000,1.00889e+06,522176,486710,486710,0.482423,3279.24,0.0011063
1562889600000000000,1.00767e+06,637214,370460,370460,0.367638,-1212.22,0.00230651
1562976000000000000,1.0053e+06,637214,368087,368087,0.366146,-2372.71,0.00465572
1563062400000000000,1.00657e+06,637214,369351,369351,0.366942,1264.52,0.00340372
1563148800000000000,1.00763e+06,637214,370416,370416,0.367611,1065.14,0.00234913
1563235200000000000,997730,637214,360516,360516,0.361336,-9900.96,0.012152
1563321600000000000,993199,637214,355985,355985,0.358422,-4530.78,0.0166379
1563408000000000000,994148,637214,356933,356933,0.359035,948.746,0.0156986
1563494400000000000,993326,479362,513964,513964,0.517418,-822.052,0.0165125
1563580800000000000,992705,479362,513343,513343,0.517116,-621.019,0.0171274
1563667200000000000,989394,479362,510032,510032,0.5155,-3310.83,0.0204054
1563753600000000000,993605,748029,245576,245576,0.247157,4211.55,0.0162356
1563840000000000000,993397,908084,85312.8,85312.8,0.0858798,-208.243,0.0164417
1563926400000000000,993299,908084,85214.9,85214.9,0.0857897,-97.8949,0.0165387
1564012800000000000,994066,908084,85981.2,85981.2,0.0864945,766.308,0.01578
1564099200000000000,993591,908084,85506.8,85506.8,0.0860583,-474.439,0.0162497
1564185600000000000,991020,908084,82935.5,82935.5,0.083687,-2571.25,0.0187955
1564272000000000000,991081,908084,82996.3,82996.3,0.0837432,60.7889,0.0187353
1564358400000000000,991393,908084,83308.2,83308.2,0.0840315,311.899,0.0184265
1564444800000000000,991782,908084,83697.7,83697.7,0.0843913,389.555,0.0180408
1564531200000000000,990736,908084,82652,82652,0.0834249,-1045.7,0.0190761
1564617600000000000,989524,908084,81439.3,81439.3,0.0823015,-1212.74,0.0202769
1564704000000000000,989704,908084,81619.5,81619.5,0.0824686,180.158,0.0200985
1564790400000000000,989690,908084,81605.3,81605.3,0.0824554,-14.2086,0.0201126
1564876800000000000,989686,989686,0,0,0,-3.40273,0.0201159
1564963200000000000,989686,989686,0,0,0,0,0.0201159
1565049600000000000,989686,989686,0,0,0,0,0.0201159
1565136000000000000,989686,989686,0,0,0,0,0.0201159
1565222400000000000,989686,989686,0,0,0,0,0.0201159
1565308800000000000,989686,989686,0,0,0,0,0.0201159
1565395200000000000,989686,989686,0,0,0,0,0.0201159
1565481600000000000,989686,989686,0,0,0,0,0.0201159
1565568000000000000,989686,989686,0,0,0,0,0.0201159
1565654400000000000,989686,989686,0,0,0,0,0.0201159
1565740800000000000,989686,989686,0,0,0,0,0.0201159
1565827200000000000,989686,989686,0,0,0,0,0.0201159
1565913600000000000,989686,989686,0,0,0,0,0.0201159
1566000000000000000,989686,989686,0,0,0,0,0.0201159
1566086400000000000,989686,989686,0,0,0,0,0.0201159
1566172800000000000,989686,989686,0,0,0,0,0.0201159
1566259200000000000,989686,989686,0,0,0,0,0.0201159
1566345600000000000,989686,989686,0,0,0,0,0.0201159
1566432000000000000,989686,989686,0,0,0,0,0.0201159
1566518400000000000,989686,989686,0,0,0,0,0.0201159
1566604800000000000,989534,913236,76298.5,76298.5,0.0771054,-151.786,0.0202662
1566691200000000000,990385,913236,77148.6,77148.6,0.0778976,850.101,0.0194245
1566777600000000000,991429,913236,78192.5,78192.5,0.0788685,1043.93,0.0183909
1566864000000000000,991429,913236,78192.5,78192.5,0.0788685,0,0.0183909
1566950400000000000,990724,913236,77488.3,77488.3,0.0782138,-704.242,0.0190882
1567036800000000000,989040,913236,75804.2,75804.2,0.0766442,-1684.11,0.0207556
1567123200000000000,990071,913236,76834.5,76834.5,0.0776051,1030.34,0.0197355
1567209600000000000,990844,913236,77608.4,77608.4,0.0783255,773.843,0.0189693
1567296000000000000,991784,913236,78548.3,78548.3,0.079199,939.991,0.0180386
1567382400000000000,990807,913236,77571.4,77571.4,0.0782911,-976.92,0.0190059
1567468800000000000,991843,913236,78607.4,78607.4,0.0792539,1035.98,0.0179802
1567555200000000000,992114,913236,78878.3,78878.3,0.0795053,270.903,0.0177119
1567641600000000000,992219,913236,78983.4,78983.4,0.0796027,105.07,0.0176079
1567728000000000000,990615,913236,77379.4,77379.4,0.0781124,-1604.02,0.019196
1567814400000000000,990615,913236,77379.4,77379.4,0.0781124,0,0.019196
1567900800000000000,990902,913236,77665.6,77665.6,0.0783787,286.24,0.0189126
1567987200000000000,990108,913236,76871.8,76871.8,0.0776398,-793.835,0.0196986
1568073600000000000,989095,913236,75858.7,75858.7,0.0766951,-1013.09,0.0207017
1568160000000000000,990388,913236,77151.6,77151.6,0.0779005,1292.97,0.0194215
1568246400000000000,990388,913236,77151.6,77151.6,0.0779005,0,0.0194215
1568332800000000000,992096,913236,78859.9,78859.9,0.0794882,1708.24,0.0177302
1568419200000000000,993713,765876,227836,227836,0.229278,1616.82,0.0161294
1568505600000000000,993895,765876,228018,228018,0.229419,181.855,0.0159493
1568592000000000000,994929,765876,229053,229053,0.23022,1034.85,0.0149247
1568678400000000000,996986,765876,231110,231110,0.231808,2056.66,0.0128884
1568764800000000000,993915,765876,228038,228038,0.229434,-3071.37,0.0159294
1568851200000000000,993442,765876,227566,227566,0.229068,-472.404,0.0163971
1568937600000000000,996509,701568,294941,294941,0.295975,3067.03,0.0133604
1569024000000000000,993089,701568,291521,291521,0.29355,-3420.38,0.0167469
1569110400000000000,992659,701568,291091,291091,0.293244,-429.56,0.0171722
1569196800000000000,988643,701568,287075,287075,0.290373,-4016.56,0.021149
1569283200000000000,987948,701568,286380,286380,0.289874,-694.403,0.0218365
1569369600000000000,991020,701568,289452,289452,0.292075,3071.37,0.0187956
1569456000000000000,988743,701568,287175,287175,0.290444,-2277.08,0.0210501
1569542400000000000,986118,701568,284550,284550,0.288556,-2624.63,0.0236487
1569628800000000000,986050,701568,284482,284482,0.288506,-68.5094,0.0237166
1569715200000000000,988770,701568,287202,287202,0.290464,2720.23,0.0210233
1569801600000000000,987320,701568,285752,285752,0.289422,-1449.44,0.0224584
1569888000000000000,988762,775062,213700,213700,0.216129,1441.59,0.0210311
1569974400000000000,987804,775062,212742,212742,0.215369,-957.575,0.0219792
1570060800000000000,986440,775062,211378,211378,0.214283,-1364.53,0.0233302
1570147200000000000,987261,775062,212199,212199,0.214937,820.867,0.0225174
1570233600000000000,987587,775062,212525,212525,0.215196,326.525,0.0221941
1570320000000000000,986346,775062,211284,211284,0.214209,-1241.19,0.023423
1570406400000000000,984193,775062,209131,209131,0.21249,-2152.93,0.0255546
1570492800000000000,985188,775062,210126,210126,0.213285,994.804,0.0245697
1570579200000000000,988161,775062,213099,213099,0.215652,2973.34,0.0216258
1570665600000000000,988253,775062,213191,213191,0.215725,92.1956,0.0215345
1570752000000000000,984488,775062,209426,209426,0.212725,-3765.74,0.025263
1570838400000000000,987549,775062,212486,212486,0.215166,3060.78,0.0222325
1570924800000000000,988328,919759,68569.1,68569.1,0.0693789,779.265,0.0214609
1571011200000000000,986625,919759,66866,66866,0.0677725,-1703.05,0.0231471
1571097600000000000,985672,919759,65912.9,65912.9,0.0668711,-953.081,0.0240908
1571184000000000000,985139,919759,65380.3,65380.3,0.0663666,-532.632,0.0246181
1571270400000000000,985139,919759,65380.3,65380.3,0.0663666,0,0.0246181
1571356800000000000,984149,919759,64390.2,64390.2,0.0654273,-990.053,0.0255984
1571443200000000000,983772,919759,64013.7,64013.7,0.0650696,-376.594,0.0259712
1571529600000000000,984380,919759,64620.9,64620.9,0.0656463,607.273,0.02537
1571616000000000000,984148,919759,64389.1,64389.1,0.0654263,-231.793,0.0255995
1571702400000000000,983001,919759,63242.7,63242.7,0.0643363,-1146.48,0.0267346
1571788800000000000,981425,919759,61666.6,61666.6,0.0628338,-1576.01,0.028295
1571875200000000000,983190,919759,63431.8,63431.8,0.0645162,1765.11,0.0265474
1571961600000000000,983421,983421,0,0,0,230.314,0.0263193
1572048000000000000,983421,983421,0,0,0,0,0.0263193
1572134400000000000,983421,983421,0,0,0,0,0.0263193
1572220800000000000,983328,918773,64555.4,64555.4,0.0656499,-92.4888,0.0264109
1572307200000000000,980452,918773,61679.2,61679.2,0.0629089,-2876.22,0.0292586
1572393600000000000,980168,918773,61394.8,61394.8,0.0626371,-284.353,0.0295402
1572480000000000000,980574,918773,61801.4,61801.4,0.0630257,406.568,0.0291376
1572566400000000000,981219,918773,62445.7,62445.7,0.063641,644.333,0.0284997
1572652800000000000,983380,918773,64607,64607,0.0656989,2161.27,0.0263598
1572739200000000000,982622,918773,63849.5,63849.5,0.0649787,-757.515,0.0271098
1572825600000000000,981337,918773,62564.1,62564.1,0.0637539,-1285.42,0.0283825
1572912000000000000,981153,918773,62379.6,62379.6,0.0635779,-184.411,0.0285651
1572998400000000000,980225,918773,61452.5,61452.5,0.0626922,-927.198,0.0294831
1573084800000000000,979431,918773,60658,60658,0.0619319,-794.403,0.0302697
1573171200000000000,978183,918773,59409.6,59409.6,0.0607347,-1248.4,0.0315057
1573257600000000000,976323,918773,57549.9,57549.9,0.0589455,-1859.77,0.033347
1573344000000000000,976106,918773,57333,57333,0.0587364,-216.894,0.0335618
1573430400000000000,975827,918773,57054,57054,0.0584673,-279.028,0.0338381
1573516800000000000,975930,975930,0,0,0,102.685,0.0337364
1573603200000000000,975930,975930,0,0,0,0,0.0337364
1573689600000000000,975930,975930,0,0,0,0,0.0337364
1573776000000000000,975930,975930,0,0,0,0,0.0337364
1573862400000000000,975930,975930,0,0,0,0,0.0337364
1573948800000000000,975930,975930,0,0,0,0,0.0337364
1574035200000000000,975930,975930,0,0,0,0,0.0337364
1574121600000000000,975930,975930,0,0,0,0,0.0337364
1574208000000000000,975930,975930,0,0,0,0,0.0337364
1574294400000000000,975930,975930,0,0,0,0,0.0337364
1574380800000000000,975930,975930,0,0,0,0,0.0337364
1574467200000000000,975930,975930,0,0,0,0,0.0337364
1574553600000000000,975930,975930,0,0,0,0,0.0337364
1574640000000000000,976403,916740,59663.6,59663.6,0.0611055,473.764,0.0332673
1574726400000000000,976137,839046,137091,137091,0.140442,-266.19,0.0335309
1574812800000000000,975813,839046,136767,136767,0.140157,-324.222,0.0338519
1574899200000000000,975296,839046,136250,136250,0.139701,-516.751,0.0343635
1574985600000000000,974988,768529,206459,206459,0.211756,-308.451,0.0346689
1575072000000000000,976247,768529,207718,207718,0.212772,1258.89,0.0334225
1575158400000000000,974843,768529,206314,206314,0.211638,-1404.03,0.0348126
1575244800000000000,977300,842864,134436,134436,0.137559,2457.73,0.0323792
1575331200000000000,977400,842864,134536,134536,0.137646,99.3451,0.0322809
1575417600000000000,978571,842864,135707,135707,0.138679,1171.23,0.0311212
1575504000000000000,978364,842864,135500,135500,0.138497,-206.43,0.0313256
1575590400000000000,977260,842864,134396,134396,0.137523,-1104.36,0.032419
1575676800000000000,981324,842864,138459,138459,0.141095,4063.41,0.0283959
1575763200000000000,980733,842864,137869,137869,0.140577,-590.478,0.0289805
1575849600000000000,976683,842864,133819,133819,0.137014,-4049.53,0.0329899
1575936000000000000,976839,842864,133975,133975,0.137151,155.573,0.0328359
1576022400000000000,974489,842864,131625,131625,0.135071,-2349.9,0.0351625
1576108800000000000,973988,842864,131123,131123,0.134625,-501.624,0.0356592
1576195200000000000,974664,842864,131800,131800,0.135226,676.63,0.0349892
1576281600000000000,974088,842864,131224,131224,0.134715,-576.194,0.0355597
1576368000000000000,972486,842864,129622,129622,0.133289,-1602.19,0.037146
1576454400000000000,973526,842864,130662,130662,0.134215,1040.14,0.0361162
1576540800000000000,971440,842864,128576,128576,0.132356,-2085.63,0.0381812
1576627200000000000,972210,842864,129346,129346,0.133043,769.493,0.0374193
1576713600000000000,966773,842864,123909,123909,0.128167,-5437.06,0.0428025
1576800000000000000,966591,842864,123727,123727,0.128004,-181.288,0.042982
1576886400000000000,965668,842864,122804,122804,0.12717,-923.42,0.0438963
1576972800000000000,965271,842864,122407,122407,0.126811,-396.902,0.0442892
1577059200000000000,965336,842864,122472,122472,0.12687,64.7339,0.0442251
1577145600000000000,962942,907227,55714.3,55714.3,0.0578585,-2394.24,0.0465957
1577232000000000000,963986,907227,56758.8,56758.8,0.0588793,1044.5,0.0455615
1577318400000000000,964648,964648,0,0,0,661.645,0.0449064
1577404800000000000,964648,964648,0,0,0,0,0.0449064
1577491200000000000,964154,908818,55335.4,55335.4,0.0573927,-493.951,0.0453955
1577577600000000000,963938,908818,55119.3,55119.3,0.0571814,-216.1,0.0456095
1577664000000000000,963549,844905,118643,118643,0.123132,-389.117,0.0459947
1577750400000000000,963114,899258,63855.9,63855.9,0.0663015,-434.75,0.0464252
1577836800000000000,961506,899258,62247.6,62247.6,0.0647398,-1608.25,0.0480175
1577923200000000000,960732,899258,61474,61474,0.0639866,-773.651,0.0487835
1578009600000000000,961971,899258,62713.1,62713.1,0.0651923,1239.08,0.0475567
1578096000000000000,960760,899258,61501.9,61501.9,0.0640138,-1211.17,0.0487558
1578182400000000000,959599,899258,60341.4,60341.4,0.0628818,-1160.53,0.0499049
1578268800000000000,959944,899258,60685.8,60685.8,0.063218,344.4,0.0495639
1578355200000000000,959240,899258,59982.4,59982.4,0.0625311,-703.378,0.0502603
1578441600000000000,960422,834934,125488,125488,0.130659,1181.8,0.0490902
1578528000000000000,961214,894476,66738.3,66738.3,0.0694313,792.342,0.0483057
1578614400000000000,959219,894476,64743.1,64743.1,0.0674957,-1995.21,0.0502811
1578700800000000000,960485,894476,66009,66009,0.0687247,1265.89,0.0490278
1578787200000000000,959569,779674,179895,179895,0.187475,-916.126,0.0499349
1578873600000000000,959576,779674,179902,179902,0.18748,6.56888,0.0499283
1578960000000000000,958599,779674,178926,178926,0.186653,-976.158,0.0508948
1579046400000000000,960775,779674,181102,181102,0.188495,2176,0.0487404
1579132800000000000,958936,779674,179262,179262,0.186938,-1839.76,0.0505619
1579219200000000000,960870,779674,181196,181196,0.188575,1934.58,0.0486465
1579305600000000000,961124,779674,181450,181450,0.18879,254.098,0.0483949
1579392000000000000,957075,779674,177401,177401,0.185358,-4049.41,0.0524042
1579478400000000000,957464,779674,177790,177790,0.185688,388.93,0.0520192
1579564800000000000,958061,779674,178387,178387,0.186196,597.356,0.0514277
1579651200000000000,955061,779674,175387,175387,0.183639,-3000.53,0.0543985
1579737600000000000,957237,779674,177564,177564,0.185496,2176.77,0.0522433
1579824000000000000,955586,686677,268909,268909,0.281407,-1651.2,0.0538782
1579910400000000000,951897,686677,265220,265220,0.278622,-3689.42,0.057531
1579996800000000000,952408,686677,265731,265731,0.27901,511.582,0.0570245
1580083200000000000,953485,686677,266808,266808,0.279824,1076.88,0.0559583
1580169600000000000,954536,686677,267859,267859,0.280617,1050.83,0.0549179
1580256000000000000,955972,686677,269295,269295,0.281698,1436.2,0.0534959
1580342400000000000,955189,798576,156613,156613,0.16396,-783.381,0.0542715
1580428800000000000,951133,798576,152557,152557,0.160395,-4055.53,0.0582869
1580515200000000000,951293,798576,152717,152717,0.160536,159.716,0.0581288
1580601600000000000,948608,798576,150032,150032,0.15816,-2685.17,0.0607873
1580688000000000000,945972,798576,147395,147395,0.155814,-2636.45,0.0633977
1580774400000000000,943871,853978,89892.5,89892.5,0.0952382,-2100.51,0.0654774
1580860800000000000,943150,853978,89171.6,89171.6,0.0945466,-720.955,0.0661912
1580947200000000000,942973,712842,230131,230131,0.244048,-176.74,0.0663662
1581033600000000000,943351,712842,230508,230508,0.24435,377.234,0.0659927
1581120000000000000,943811,712842,230968,230968,0.244719,460.329,0.0655369
1581206400000000000,945363,556064,389299,389299,0.411799,1552.02,0.0640003
1581292800000000000,945463,556064,389399,389399,0.411861,99.6249,0.0639016
1581379200000000000,947054,556064,390990,390990,0.412849,1591.1,0.0623263
1581465600000000000,941125,556064,385061,385061,0.40915,-5928.95,0.0681965
1581552000000000000,938694,714536,224157,224157,0.238797,-2431.18,0.0706036
1581638400000000000,936413,800315,136098,136098,0.14534,-2280.25,0.0728613
1581724800000000000,936413,800315,136098,136098,0.14534,0,0.0728613
1581811200000000000,935887,676406,259481,259481,0.277256,-526.494,0.0733826
1581897600000000000,938794,811829,126965,126965,0.135243,2906.81,0.0705045
1581984000000000000,938794,811829,126965,126965,0.135243,0,0.0705045
1582070400000000000,938743,811829,126914,126914,0.135196,-50.6294,0.0705547
1582156800000000000,941266,811829,129437,129437,0.137514,2522.87,0.0680568
1582243200000000000,946897,811829,135069,135069,0.142643,5631.53,0.062481
1582329600000000000,948265,811829,136436,136436,0.143879,1367.17,0.0611274
1582416000000000000,949767,811829,137938,137938,0.145234,1502.47,0.0596398
1582502400000000000,952871,811829,141043,141043,0.148019,3104.34,0.0565662
1582588800000000000,956856,811829,145027,145027,0.151566,3984.34,0.0526214
1582675200000000000,957848,811829,146019,146019,0.152445,992.152,0.051639
1582761600000000000,953790,811829,141961,141961,0.148839,-4058.29,0.0556571
1582848000000000000,956363,811829,144534,144534,0.151129,2573.34,0.0531093
1582934400000000000,952208,811829,140380,140380,0.147425,-4154.52,0.0572226
1583020800000000000,947660,811829,135831,135831,0.143333,-4548.47,0.0617261
1583107200000000000,947660,811829,135831,135831,0.143333,0,0.0617261
1583193600000000000,946255,811829,134427,134427,0.142062,-1404.64,0.0631168
1583280000000000000,944709,811829,132880,132880,0.140657,-1546.63,0.0646481
1583366400000000000,945600,811829,133771,133771,0.141467,891.106,0.0637658
1583452800000000000,944563,811829,132734,132734,0.140524,-1036.9,0.0647925
1583539200000000000,944390,811829,132562,132562,0.140367,-172.497,0.0649633
1583625600000000000,943045,811829,131216,131216,0.139141,-1345.28,0.0662952
1583712000000000000,937069,811829,125241,125241,0.133651,-5975.75,0.0722118
1583798400000000000,937152,811829,125323,125323,0.133727,82.3306,0.0721303
1583884800000000000,937152,811829,125323,125323,0.133727,0,0.0721303
1583971200000000000,940527,811829,128698,128698,0.136836,3375.46,0.0687882
1584057600000000000,942647,811829,130818,130818,0.138777,2119.44,0.0666898
1584144000000000000,943001,811829,131172,131172,0.139101,354.237,0.066339
1584230400000000000,946676,811829,134848,134848,0.142443,3675.71,0.0626997
1584316800000000000,943700,811829,131871,131871,0.139738,-2976.54,0.0656468
1584403200000000000,942145,811829,130316,130316,0.138318,-1555.22,0.0671866
1584489600000000000,944574,811829,132745,132745,0.140534,2429.13,0.0647815
1584576000000000000,944038,632438,311601,311601,0.330072,-535.647,0.0653119
1584662400000000000,945706,632438,313269,313269,0.331254,1668.1,0.0636603
1584748800000000000,951624,632438,319186,319186,0.335412,5917.38,0.0578015
1584835200000000000,953174,632438,320737,320737,0.336493,1550.53,0.0562664
1584921600000000000,947574,632438,315136,315136,0.332572,-5600.67,0.0618116
1585008000000000000,948630,578273,370357,370357,0.390413,1056.26,0.0607658
1585094400000000000,945655,578273,367382,367382,0.388495,-2975.19,0.0637115
1585180800000000000,942922,578273,364649,364649,0.386723,-2733,0.0664174
1585267200000000000,946167,578273,367894,367894,0.388826,3245.05,0.0632045
1585353600000000000,935563,578273,357290,357290,0.381899,-10604.1,0.0737036
1585440000000000000,935132,538562,396570,396570,0.424079,-430.157,0.0741295
1585526400000000000,932636,538562,394073,394073,0.422537,-2496.8,0.0766015
1585612800000000000,938518,538562,399955,399955,0.426156,5882.15,0.0707777
1585699200000000000,936383,671678,264705,264705,0.282689,-2135.03,0.0728915
1585785600000000000,935206,671678,263528,263528,0.281786,-1177.09,0.074057
1585872000000000000,936585,671678,264907,264907,0.282843,1379.06,0.0726916
1585958400000000000,938571,671678,266892,266892,0.284361,1985.87,0.0707254
1586044800000000000,943960,671678,272282,272282,0.288447,5389.6,0.0653892
1586131200000000000,949395,720866,228529,228529,0.24071,5435.17,0.0600078
1586217600000000000,950530,720866,229664,229664,0.241617,1134.99,0.0588841
1586304000000000000,949446,720866,228580,228580,0.240751,-1084.25,0.0599576
1586390400000000000,949848,720866,228982,228982,0.241072,402.274,0.0595593
1586476800000000000,949588,720866,228722,228722,0.240865,-260.232,0.0598169
1586563200000000000,949921,720866,229055,229055,0.24113,332.704,0.0594875
1586649600000000000,951197,720866,230331,230331,0.242148,1275.77,0.0582244
1586736000000000000,953634,720866,232768,232768,0.244085,2437.73,0.0558108
1586822400000000000,952787,667684,285103,285103,0.299231,-847.023,0.0566495
1586908800000000000,951573,667684,283889,283889,0.298336,-1214.05,0.0578515
1586995200000000000,955159,667684,287475,287475,0.300971,3586.02,0.054301
1587081600000000000,952625,667684,284941,284941,0.299111,-2534,0.0568099
1587168000000000000,952622,667684,284938,284938,0.299109,-2.92305,0.0568128
1587254400000000000,953440,667684,285756,285756,0.29971,817.946,0.0560029
1587340800000000000,955577,667684,287893,287893,0.301276,2136.87,0.0538872
1587427200000000000,952862,667684,285178,285178,0.299286,-2714.67,0.056575
1587513600000000000,953694,667684,286010,286010,0.299897,831.945,0.0557513
1587600000000000000,954897,667684,287212,287212,0.300778,1202.17,0.0545611
1587686400000000000,953877,719909,233968,233968,0.245281,-1019.91,0.0555709
1587772800000000000,955724,719909,235815,235815,0.24674,1846.89,0.0537423
1587859200000000000,954621,719909,234712,234712,0.24587,-1102.44,0.0548338
1587945600000000000,951569,719909,231660,231660,0.243451,-3052.36,0.0578559
1588032000000000000,951057,719909,231148,231148,0.243044,-511.716,0.0583626
1588118400000000000,948187,719909,228279,228279,0.240753,-2869.73,0.0612039
1588204800000000000,946120,719909,226212,226212,0.239094,-2066.85,0.0632502
1588291200000000000,949151,719909,229242,229242,0.241523,3030.33,0.0602499
1588377600000000000,948704,719909,228795,228795,0.241166,-446.882,0.0606924
1588464000000000000,948701,719909,228792,228792,0.241163,-3.34903,0.0606957
1588550400000000000,948195,719909,228286,228286,0.240759,-505.549,0.0611962
1588636800000000000,948478,719909,228569,228569,0.240985,283.127,0.0609159
1588723200000000000,947468,630078,317390,317390,0.334988,-1010.34,0.0619162
1588809600000000000,948265,576968,371298,371298,0.391555,797.611,0.0611265
1588896000000000000,947855,576968,370888,370888,0.391291,-410.354,0.0615328
1588982400000000000,948749,576968,371781,371781,0.391865,893.897,0.0606478
1589068800000000000,950582,576968,373615,373615,0.393038,1833.26,0.0588327
1589155200000000000,953347,576968,376379,376379,0.394798,2764.55,0.0560955
1589241600000000000,951584,626171,325412,325412,0.341969,-1763.06,0.0578411
1589328000000000000,952573,626171,326401,326401,0.342653,989.098,0.0568618
1589414400000000000,958571,626171,332399,332399,0.346766,5997.94,0.0509233
1589500800000000000,959616,626171,333445,333445,0.347477,1045.4,0.0498882
1589587200000000000,960351,626171,334180,334180,0.347977,735.123,0.0491604
1589673600000000000,960808,626171,334637,334637,0.348287,456.819,0.0487081
1589760000000000000,958792,626171,332621,332621,0.346917,-2015.78,0.0507039
1589846400000000000,963033,626171,336862,336862,0.349792,4240.74,0.0465052
1589932800000000000,962208,626171,336036,336036,0.349235,-825.326,0.0473223
1590019200000000000,961138,626171,334966,334966,0.34851,-1069.98,0.0483817
1590105600000000000,961618,626171,335447,335447,0.348836,480.665,0.0479058
1590192000000000000,962898,626171,336727,336727,0.349702,1280.02,0.0466384
1590278400000000000,960908,626171,334737,334737,0.348355,-1989.96,0.0486087
1590364800000000000,959553,626171,333382,333382,0.347434,-1355.36,0.0499506
1590451200000000000,961968,626171,335796,335796,0.349072,2414.67,0.0475599
1590537600000000000,966688,626171,340516,340516,0.352251,4719.76,0.0428868
1590624000000000000,968223,626171,342052,342052,0.353278,1535.86,0.0413662
1590710400000000000,965497,626171,339326,339326,0.351452,-2726.46,0.0440657
1590796800000000000,964649,626171,338477,338477,0.350882,-848.149,0.0449054
1590883200000000000,959988,626171,333817,333817,0.34773,-4660.75,0.04952
1590969600000000000,954744,626171,328573,328573,0.344147,-5244.16,0.0547122
1591056000000000000,952920,626171,326748,326748,0.342892,-1824.36,0.0565185
1591142400000000000,953920,803053,150867,150867,0.158155,1000.17,0.0555282
1591228800000000000,953562,803053,150510,150510,0.157839,-357.35,0.055882
1591315200000000000,954245,803053,151192,151192,0.158441,682.142,0.0552067
1591401600000000000,953971,803053,150918,150918,0.1582,-273.432,0.0554774
1591488000000000000,954726,803053,151673,151673,0.158866,755.049,0.0547298
1591574400000000000,954636,803053,151584,151584,0.158787,-89.8166,0.0548187
1591660800000000000,954271,803053,151219,151219,0.158465,-364.997,0.0551801
1591747200000000000,953400,803053,150347,150347,0.157696,-871.185,0.0560427
1591833600000000000,954547,803053,151494,151494,0.158708,1147.06,0.054907
1591920000000000000,953174,803053,150121,150121,0.157496,-1373,0.0562664
1592006400000000000,954507,803053,151454,151454,0.158673,1332.93,0.0549467
1592092800000000000,955462,803053,152409,152409,0.159514,955.079,0.054001
1592179200000000000,954042,803053,150989,150989,0.158263,-1420.09,0.0554071
1592265600000000000,954234,803053,151181,151181,0.158432,191.932,0.055217
1592352000000000000,952802,803053,149750,149750,0.157168,-1431.74,0.0566346
1592438400000000000,951682,803053,148630,148630,0.156176,-1119.94,0.0577434
1592524800000000000,953587,803053,150534,150534,0.157861,1904.35,0.0558579
1592611200000000000,955312,803053,152259,152259,0.159382,1725.14,0.0541499
1592697600000000000,953444,803053,150392,150392,0.157735,-1867.46,0.0559989
1592784000000000000,949310,803053,146257,146257,0.154067,-4134.41,0.0600923
1592870400000000000,948404,803053,145351,145351,0.153259,-905.958,0.0609893
1592956800000000000,950269,803053,147216,147216,0.154921,1864.95,0.0591428
1593043200000000000,949425,803053,146372,146372,0.154169,-844.17,0.0599786
1593129600000000000,950314,803053,147261,147261,0.154961,889.205,0.0590982
1593216000000000000,949532,893037,56494.7,56494.7,0.0594974,-781.915,0.0598724
1593302400000000000,950708,893037,57670.7,57670.7,0.0606608,1176.09,0.058708
1593388800000000000,950708,893037,57670.7,57670.7,0.0606608,0,0.058708
1593475200000000000,946763,893037,53725.3,53725.3,0.0567463,-3945.47,0.0626144
1593561600000000000,946763,893037,53725.3,53725.3,0.0567463,0,0.0626144
1593648000000000000,948347,893037,55309.4,55309.4,0.0583219,1584.13,0.0610459
1593734400000000000,948347,893037,55309.4,55309.4,0.0583219,0,0.0610459
1593820800000000000,948461,893037,55423.4,55423.4,0.0584351,114.022,0.060933
1593907200000000000,948745,893037,55708,55708,0.0587175,284.571,0.0606513
1593993600000000000,951363,893037,58325.2,58325.2,0.061307,2617.21,0.05806
1594080000000000000,952660,893037,59622.3,59622.3,0.0625851,1297.06,0.0567758
1594166400000000000,954124,893037,61086.8,61086.8,0.064024,1464.56,0.0553257
1594252800000000000,955402,893037,62365.1,62365.1,0.0652762,1278.23,0.0540601
1594339200000000000,953496,893037,60458.1,60458.1,0.0634068,-1906.96,0.0559482
1594425600000000000,950637,893037,57599.1,57599.1,0.0605901,-2858.98,0.0587789
1594512000000000000,947542,893037,54504.3,54504.3,0.0575218,-3094.8,0.061843
1594598400000000000,947542,893037,54504.3,54504.3,0.0575218,0,0.061843
1594684800000000000,947018,893037,53981,53981,0.057001,-523.31,0.0623612
1594771200000000000,945641,893037,52603.2,52603.2,0.055627,-1377.82,0.0637253
1594857600000000000,942861,893037,49823.8,49823.8,0.0528432,-2779.35,0.0664771
1594944000000000000,942719,893037,49681.6,49681.6,0.0527003,-142.291,0.066618
1595030400000000000,944170,893037,51132.8,51132.8,0.0541564,1451.26,0.0651811
1595116800000000000,944736,944736,0,0,0,565.76,0.064621
1595203200000000000,944490,837160,107330,107330,0.113638,-245.896,0.0648644
1595289600000000000,942804,837160,105644,105644,0.112053,-1685.63,0.0665334
1595376000000000000,942804,837160,105644,105644,0.112053,0,0.0665334
1595462400000000000,944519,837160,107358,107358,0.113665,1714.2,0.0648362
1595548800000000000,943874,837160,106714,106714,0.113059,-644.705,0.0654745
1595635200000000000,944092,837160,106932,106932,0.113264,217.92,0.0652587
1595721600000000000,941766,837160,104605,104605,0.111074,-2326.31,0.067562
1595808000000000000,945230,837160,108070,108070,0.114332,3464.9,0.0641314
1595894400000000000,946598,837160,109438,109438,0.115612,1367.63,0.0627773
1595980800000000000,947217,837160,110057,110057,0.11619,618.963,0.0621645
1596067200000000000,947217,837160,110057,110057,0.11619,0,0.0621645
1596153600000000000,946047,837160,108887,108887,0.115097,-1169.96,0.0633229
1596240000000000000,945277,837160,108117,108117,0.114376,-769.82,0.0640851
1596326400000000000,945090,837160,107929,107929,0.1142,-187.63,0.0642708
1596412800000000000,945247,768694,176553,176553,0.18678,157.593,0.0641148
1596499200000000000,945303,768694,176608,176608,0.186827,55.567,0.0640598
1596585600000000000,943239,768694,174545,174545,0.185049,-2063.35,0.0661027
1596672000000000000,944304,768694,175610,175610,0.185967,1064.64,0.0650486
1596758400000000000,944439,768694,175744,175744,0.186083,134.456,0.0649155
1596844800000000000,945611,768694,176917,176917,0.187093,1172.74,0.0637543
1596931200000000000,945657,768694,176963,176963,0.187132,46.0042,0.0637088
1597017600000000000,945474,768694,176780,176780,0.186975,-183.452,0.0638904
1597104000000000000,944392,768694,175697,175697,0.186043,-1082.28,0.064962
1597190400000000000,945155,768694,176461,176461,0.1867,763.659,0.0642059
1597276800000000000,945767,768694,177073,177073,0.187227,612.119,0.0635998
1597363200000000000,947787,768694,179093,179093,0.188959,2019.76,0.0616001
1597449600000000000,947197,768694,178503,178503,0.188454,-589.978,0.0621842
1597536000000000000,944909,768694,176215,176215,0.186489,-2287.82,0.0644494
1597622400000000000,944831,768694,176137,176137,0.186421,-78.299,0.0645269
1597708800000000000,944481,768694,175787,175787,0.18612,-349.571,0.064873
1597795200000000000,943333,768694,174639,174639,0.18513,-1148.27,0.0660099
1597881600000000000,942014,768694,173320,173320,0.183988,-1319.22,0.0673161
1597968000000000000,941287,871271,70016,70016,0.0743833,-727.055,0.0680359
1598054400000000000,940532,871271,69260.9,69260.9,0.0736402,-755.104,0.0687835
1598140800000000000,939076,871271,67805.2,67805.2,0.0722041,-1455.76,0.0702249
1598227200000000000,939153,871271,67882.6,67882.6,0.0722806,77.4132,0.0701482
1598313600000000000,940606,871271,69335,69335,0.0737131,1452.38,0.0687102
1598400000000000000,940606,871271,69335,69335,0.0737131,0,0.0687102
1598486400000000000,939528,871271,68257.5,68257.5,0.0726508,-1077.44,0.069777
1598572800000000000,939261,871271,67990.5,67990.5,0.0723872,-266.986,0.0700414
1598659200000000000,939789,871271,68517.9,68517.9,0.0729077,527.334,0.0695192
1598745600000000000,939817,871271,68546.3,68546.3,0.0729358,28.4677,0.0694911
1598832000000000000,939443,871271,68172.2,68172.2,0.0725666,-374.119,0.0698615
1598918400000000000,939386,871271,68114.7,68114.7,0.0725098,-57.5758,0.0699185
1599004800000000000,940384,871271,69112.6,69112.6,0.0734941,997.994,0.0689304
1599091200000000000,941355,808735,132620,132620,0.140882,971.261,0.0679687
1599177600000000000,941425,808735,132690,132690,0.140946,69.8261,0.0678996
1599264000000000000,940821,808735,132086,132086,0.140395,-603.556,0.0684972
1599350400000000000,939818,808735,131083,131083,0.139477,-1003.33,0.0694906
1599436800000000000,939906,808735,131171,131171,0.139558,88.6241,0.0694028
1599523200000000000,940168,808735,131433,131433,0.139798,261.82,0.0691436
1599609600000000000,941991,808735,133256,133256,0.141462,1823.11,0.0673385
1599696000000000000,940291,808735,131556,131556,0.13991,-1700.62,0.0690223
1599782400000000000,939661,808735,130926,130926,0.139333,-629.785,0.0696459
1599868800000000000,940222,808735,131487,131487,0.139847,561.286,0.0690901
1599955200000000000,941555,808735,132820,132820,0.141065,1332.77,0.0677706
1600041600000000000,939943,808735,131208,131208,0.139591,-1612.38,0.069367
1600128000000000000,937893,808735,129158,129158,0.137711,-2049.9,0.0713966
1600214400000000000,937344,808735,128609,128609,0.137206,-548.688,0.0719398
1600300800000000000,936762,808735,128027,128027,0.13667,-581.555,0.0725156
1600387200000000000,938324,875617,62706.6,62706.6,0.0668283,1561.47,0.0709696
1600473600000000000,936198,875617,60580.7,60580.7,0.0647093,-2125.86,0.0730744
1600560000000000000,934893,875617,59276.2,59276.2,0.0634042,-1304.54,0.074366
1600646400000000000,934893,875617,59276.2,59276.2,0.0634042,0,0.074366
1600732800000000000,935840,875617,60223,60223,0.0643518,946.888,0.0734285
1600819200000000000,933860,875617,58242.7,58242.7,0.0623677,-1980.32,0.0753892
1600905600000000000,933860,875617,58242.7,58242.7,0.0623677,0,0.0753892
1600992000000000000,933524,933524,0,0,0,-336.173,0.0757221
1601078400000000000,933524,933524,0,0,0,0,0.0757221
1601164800000000000,933524,933524,0,0,0,0,0.0757221
1601251200000000000,933683,823992,109691,109691,0.117482,158.917,0.0755647
1601337600000000000,935813,758568,177245,177245,0.189402,2129.94,0.0734559
1601424000000000000,936552,758568,177984,177984,0.190041,739.152,0.0727241
1601510400000000000,935762,758568,177194,177194,0.189358,-789.735,0.073506
1601596800000000000,934275,758568,175707,175707,0.188068,-1486.85,0.0749781
1601683200000000000,933322,758568,174753,174753,0.187238,-953.659,0.0759223
1601769600000000000,933993,824056,109937,109937,0.117707,671.44,0.0752575
1601856000000000000,932782,824056,108726,108726,0.116561,-1210.82,0.0764563
1601942400000000000,933013,824056,108957,108957,0.11678,230.518,0.0762281
1602028800000000000,926706,824056,102651,102651,0.110769,-6306.44,0.0824721
1602115200000000000,926706,824056,102651,102651,0.110769,0,0.0824721
1602201600000000000,926812,824056,102757,102757,0.110871,106.14,0.082367
1602288000000000000,927443,824056,103387,103387,0.111475,630.133,0.0817431
1602374400000000000,927037,927037,0,0,0,-405.334,0.0821444
1602460800000000000,927037,927037,0,0,0,0,0.0821444
1602547200000000000,927037,927037,0,0,0,0,0.0821444
1602633600000000000,927037,927037,0,0,0,0,0.0821444
1602720000000000000,927037,927037,0,0,0,0,0.0821444
1602806400000000000,927037,927037,0,0,0,0,0.0821444
1602892800000000000,927037,927037,0,0,0,0,0.0821444
1602979200000000000,926459,883206,43252.9,43252.9,0.0466863,-578.634,0.0827173
1603065600000000000,925824,846089,79735.1,79735.1,0.0861234,-634.25,0.0833453
1603152000000000000,927511,846089,81421.9,81421.9,0.0877854,1686.79,0.0816752
1603238400000000000,928680,846089,82590.9,82590.9,0.0889336,1169.02,0.0805178
1603324800000000000,931605,846089,85515.9,85515.9,0.0917941,2924.96,0.0776218
1603411200000000000,932220,846089,86130.3,86130.3,0.0923927,614.38,0.0770135
1603497600000000000,931615,846089,85525.9,85525.9,0.0918039,-604.322,0.0776118
1603584000000000000,929317,846089,83227.8,83227.8,0.089558,-2298.13,0.0798872
1603670400000000000,929041,846089,82951.9,82951.9,0.0892877,-275.901,0.0801604
1603756800000000000,926973,846089,80883.3,80883.3,0.0872553,-2068.64,0.0822085
1603843200000000000,926914,846089,80824.7,80824.7,0.0871976,-58.6096,0.0822665
1603929600000000000,927864,846089,81775.2,81775.2,0.0881327,950.499,0.0813255
1604016000000000000,927593,846089,81504.1,81504.1,0.0878662,-271.027,0.0815938
1604102400000000000,927868,846089,81779.2,81779.2,0.0881366,275.04,0.0813215
1604188800000000000,928413,846089,82324,82324,0.0886717,544.851,0.080782
1604275200000000000,927493,846089,81403.8,81403.8,0.0877675,-920.247,0.0816932
1604361600000000000,926244,846089,80154.6,80154.6,0.0865372,-1249.21,0.08293
1604448000000000000,925267,735569,189698,189698,0.20502,-976.36,0.0838967
1604534400000000000,922289,735569,186720,186720,0.202453,-2978.11,0.0868453
1604620800000000000,921898,735569,186328,186328,0.202114,-391.671,0.0872331
1604707200000000000,920941,735569,185371,185371,0.201285,-957.081,0.0881807
1604793600000000000,919686,735569,184117,184117,0.200196,-1254.25,0.0894225
1604880000000000000,918240,667339,250901,250901,0.273241,-1446.43,0.0908546
1604966400000000000,921010,777230,143780,143780,0.156111,2770.29,0.0881118
1605052800000000000,922022,808647,113375,113375,0.122964,1012.21,0.0871096
1605139200000000000,922424,808647,113777,113777,0.123346,401.994,0.0867116
1605225600000000000,921099,697579,223520,223520,0.242666,-1325.85,0.0880243
1605312000000000000,921541,697579,223962,223962,0.24303,441.971,0.0875867
1605398400000000000,923325,697579,225746,225746,0.244493,1784.53,0.0858198
1605484800000000000,921035,697579,223456,223456,0.242614,-2290.29,0.0880874
1605571200000000000,920903,697579,223324,223324,0.242505,-131.928,0.0882181
1605657600000000000,922825,697579,225246,225246,0.244083,1922.5,0.0863146
1605744000000000000,923090,697579,225511,225511,0.2443,264.144,0.0860531
1605830400000000000,922230,697579,224651,224651,0.243596,-859.436,0.086904
1605916800000000000,923054,697579,225475,225475,0.24427,823.605,0.0860886
1606003200000000000,923046,697579,225467,225467,0.244264,-7.67191,0.0860962
1606089600000000000,923886,697579,226307,226307,0.244951,839.573,0.0852649
1606176000000000000,925831,697579,228252,228252,0.246538,1945.62,0.0833386
1606262400000000000,927316,697579,229737,229737,0.247744,1484.53,0.0818687
1606348800000000000,931484,697579,233905,233905,0.25111,4168.52,0.0777415
1606435200000000000,933228,697579,235649,235649,0.252509,1743.37,0.0760154
1606521600000000000,936504,697579,238925,238925,0.255125,3276.56,0.0727713
1606608000000000000,934942,697579,237363,237363,0.25388,-1562.07,0.0743179
1606694400000000000,933406,697579,235827,235827,0.252652,-1536.5,0.0758392
1606780800000000000,931978,697579,234399,234399,0.251507,-1427.68,0.0772527
1606867200000000000,933137,697579,235558,235558,0.252437,1158.98,0.0761052
1606953600000000000,936159,697579,238580,238580,0.25485,3021.78,0.0731134
1607040000000000000,936840,697579,239261,239261,0.255392,681.522,0.0724386
1607126400000000000,935171,697579,237592,237592,0.254062,-1669.57,0.0740916
1607212800000000000,928694,697579,231115,231115,0.24886,-6477.09,0.0805046
1607299200000000000,931306,697579,233727,233727,0.250967,2612.23,0.0779182
1607385600000000000,932337,697579,234758,234758,0.251796,1031.67,0.0768967
1607472000000000000,933104,697579,235525,235525,0.25241,766.231,0.0761381
1607558400000000000,931031,697579,233452,233452,0.250746,-2072.27,0.0781898
1607644800000000000,934535,697579,236956,236956,0.253555,3503.36,0.0747212
1607731200000000000,933408,697579,235829,235829,0.252654,-1126.43,0.0758365
1607817600000000000,934661,697579,237082,237082,0.253656,1252.79,0.0745961
1607904000000000000,939539,697579,241960,241960,0.257531,4877.87,0.0697665
1607990400000000000,940212,697579,242633,242633,0.258062,672.594,0.0691006
1608076800000000000,938768,697579,241189,241189,0.256921,-1443.94,0.0705302
1608163200000000000,935581,697579,238002,238002,0.25439,-3186.39,0.0736851
1608249600000000000,936879,697579,239300,239300,0.255423,1298.14,0.0723998
1608336000000000000,934858,697579,237279,237279,0.253813,-2020.99,0.0744007
1608422400000000000,933215,697579,235636,235636,0.2525,-1643.03,0.0760275
1608508800000000000,935091,697579,237512,237512,0.253999,1875.86,0.0741702
1608595200000000000,934668,697579,237089,237089,0.253661,-423.403,0.0745894
1608681600000000000,935225,697579,237646,237646,0.254105,556.7,0.0740382
1608768000000000000,934875,697579,237296,237296,0.253827,-349.467,0.0743843
1608854400000000000,938006,697579,240427,240427,0.256317,3130.61,0.0712847
1608940800000000000,940005,697579,242426,242426,0.257898,1998.86,0.0693056
1609027200000000000,940951,727862,213089,213089,0.226461,946.023,0.0683689
1609113600000000000,942113,727862,214251,214251,0.227416,1162.55,0.0672179
1609200000000000000,942448,727862,214586,214586,0.22769,334.895,0.0668863
1609286400000000000,945344,727862,217482,217482,0.230056,2895.66,0.0640193
1609372800000000000,943968,663125,280843,280843,0.297514,-1375.83,0.0653815
1609459200000000000,938753,663125,275629,275629,0.293611,-5214.57,0.0705445
1609545600000000000,935495,663125,272370,272370,0.291151,-3258.57,0.0737708
1609632000000000000,936634,663125,273509,273509,0.292013,1139.38,0.0726427
1609718400000000000,935657,663125,272533,272533,0.291274,-976.86,0.0736099
1609804800000000000,936314,663125,273190,273190,0.291771,657.152,0.0729592
1609891200000000000,937417,663125,274292,274292,0.292604,1102.62,0.0718675
1609977600000000000,937315,663125,274190,274190,0.292527,-102.248,0.0719687
1610064000000000000,938050,663125,274926,274926,0.293082,735.456,0.0712406
1610150400000000000,940211,663125,277086,277086,0.294706,2160.34,0.0691016
1610236800000000000,940739,663125,277615,277615,0.295103,528.717,0.0685781
1610323200000000000,944898,663125,281773,281773,0.298205,4158.77,0.0644606
1610409600000000000,944755,663125,281630,281630,0.298099,-143.31,0.0646025
1610496000000000000,942979,663125,279855,279855,0.296777,-1775.55,0.0663604
1610582400000000000,945185,663125,282061,282061,0.298418,2206.14,0.0641761
1610668800000000000,946537,663125,283413,283413,0.29942,1351.99,0.0628375
1610755200000000000,946642,663125,283517,283517,0.299498,104.606,0.062734
1610841600000000000,946943,663125,283818,283818,0.29972,300.784,0.0624362
1610928000000000000,946231,663125,283107,283107,0.299194,-711.393,0.0631405
1611014400000000000,945906,563270,382636,382636,0.404518,-324.966,0.0634622
1611100800000000000,945892,563270,382622,382622,0.404509,-14.3429,0.0634764
1611187200000000000,944095,563270,380825,380825,0.403376,-1797.27,0.0652559
1611273600000000000,943227,563270,379957,379957,0.402827,-867.444,0.0661148
1611360000000000000,945643,563270,382373,382373,0.404353,2415.9,0.0637228
1611446400000000000,945062,563270,381792,381792,0.403986,-581.238,0.0642983
1611532800000000000,950757,563270,387487,387487,0.407556,5694.68,0.05866
1611619200000000000,944691,563270,381422,381422,0.403753,-6065.15,0.0646651
1611705600000000000,944540,624732,319808,319808,0.338586,-151.446,0.064815
1611792000000000000,945091,624732,320359,320359,0.338971,550.853,0.0642696
1611878400000000000,941752,624732,317020,317020,0.336628,-3338.58,0.0675751
1611964800000000000,941702,624732,316969,316969,0.336592,-50.733,0.0676254
1612051200000000000,942031,624732,317299,317299,0.336824,329.734,0.0672989
1612137600000000000,939959,678074,261884,261884,0.278613,-2072.66,0.069351
1612224000000000000,937154,678074,259080,259080,0.276454,-2804.16,0.0721274
1612310400000000000,938230,678074,260155,260155,0.277283,1075.2,0.0710629
1612396800000000000,936634,678074,258560,258560,0.276052,-1595.41,0.0726425
1612483200000000000,935261,788402,146859,146859,0.157025,-1372.84,0.0740017
1612569600000000000,936619,788402,148217,148217,0.158247,1357.49,0.0726577
1612656000000000000,936969,788402,148567,148567,0.158562,350.539,0.0723106
1612742400000000000,935991,788402,147588,147588,0.157682,-978.849,0.0732798
1612828800000000000,934096,788402,145694,145694,0.155973,-1894.87,0.0751559
1612915200000000000,934199,788402,145797,145797,0.156066,103.326,0.0750536
1613001600000000000,936119,788402,147716,147716,0.157797,1919.47,0.0731531
1613088000000000000,934392,788402,145990,145990,0.156241,-1726.24,0.0748623
1613174400000000000,935360,788402,146958,146958,0.157114,967.927,0.0739039
1613260800000000000,936232,788402,147830,147830,0.157899,872.036,0.0730405
1613347200000000000,933588,788402,145186,145186,0.155514,-2644.38,0.0756587
1613433600000000000,931413,788402,143011,143011,0.153542,-2175.24,0.0778124
1613520000000000000,930680,788402,142278,142278,0.152875,-732.882,0.078538
1613606400000000000,930754,788402,142352,142352,0.152943,74.6391,0.0784641
1613692800000000000,931803,788402,143401,143401,0.153896,1048.43,0.0774261
1613779200000000000,930144,788402,141742,141742,0.152387,-1658.69,0.0790683
1613865600000000000,931190,788402,142788,142788,0.153339,1046.14,0.0780326
1613952000000000000,931914,788402,143512,143512,0.153997,723.435,0.0773163
1614038400000000000,931081,788402,142679,142679,0.15324,-832.542,0.0781406
1614124800000000000,929487,788402,141085,141085,0.151788,-1594.25,0.079719
1614211200000000000,927829,850036,77793.5,77793.5,0.0838446,-1657.89,0.0813605
1614297600000000000,928338,928338,0,0,0,508.939,0.0808566
1614384000000000000,928338,928338,0,0,0,0,0.0808566
1614470400000000000,928338,928338,0,0,0,0,0.0808566
1614556800000000000,928338,928338,0,0,0,0,0.0808566
1614643200000000000,928338,928338,0,0,0,0,0.0808566
1614729600000000000,928338,928338,0,0,0,0,0.0808566
1614816000000000000,928338,928338,0,0,0,0,0.0808566
1614902400000000000,928338,928338,0,0,0,0,0.0808566
1614988800000000000,928338,928338,0,0,0,0,0.0808566
1615075200000000000,928338,928338,0,0,0,0,0.0808566
1615161600000000000,928338,928338,0,0,0,0,0.0808566
1615248000000000000,928338,928338,0,0,0,0,0.0808566
1615334400000000000,928338,928338,0,0,0,0,0.0808566
1615420800000000000,928189,864967,63221.4,63221.4,0.0681126,-149.1,0.0810042
1615507200000000000,926928,926928,0,0,0,-1260.4,0.0822522
1615593600000000000,926928,926928,0,0,0,0,0.0822522
1615680000000000000,926928,926928,0,0,0,0,0.0822522
1615766400000000000,927430,823153,104277,104277,0.112436,501.042,0.0817561
1615852800000000000,929078,823153,105926,105926,0.114011,1648.62,0.0801238
1615939200000000000,928837,823153,105684,105684,0.113781,-241.384,0.0803628
1616025600000000000,927608,823153,104455,104455,0.112607,-1228.95,0.0815796
1616112000000000000,929042,823153,105889,105889,0.113977,1434.09,0.0801597
1616198400000000000,931245,823153,108092,108092,0.116073,2202.67,0.0779788
1616284800000000000,931560,823153,108408,108408,0.116372,315.882,0.0776661
1616371200000000000,929033,823153,105880,105880,0.113968,-2527.75,0.0801688
1616457600000000000,929033,823153,105880,105880,0.113968,0,0.0801688
1616544000000000000,929213,823153,106060,106060,0.11414,179.865,0.0799907
1616630400000000000,929213,823153,106060,106060,0.11414,0,0.0799907
1616716800000000000,928081,823153,104928,104928,0.113059,-1131.82,0.0811113
1616803200000000000,923033,823153,99880.1,99880.1,0.108209,-5048.01,0.0861093
1616889600000000000,923033,823153,99880.1,99880.1,0.108209,0,0.0861093
1616976000000000000,922131,823153,98978.5,98978.5,0.107337,-901.651,0.087002
1617062400000000000,925508,823153,102356,102356,0.110594,3377.35,0.0836581
1617148800000000000,927864,823153,104711,104711,0.112852,2355.39,0.0813261
1617235200000000000,923032,823153,99879.8,99879.8,0.108208,-4831.46,0.0861097
1617321600000000000,926206,823153,103053,103053,0.111264,3173.18,0.0829679
1617408000000000000,924142,708505,215636,215636,0.233337,-2063.96,0.0850115
1617494400000000000,924713,708505,216208,216208,0.233811,571.323,0.0844458
1617580800000000000,921755,809876,111879,111879,0.121376,-2957.67,0.0873742
1617667200000000000,918689,809876,108813,108813,0.118444,-3066.38,0.0904102
1617753600000000000,920092,809876,110216,110216,0.119788,1403.03,0.089021
1617840000000000000,920092,809876,110216,110216,0.119788,0,0.089021
1617926400000000000,917054,809876,107178,107178,0.116872,-3038.01,0.092029
1618012800000000000,917054,809876,107178,107178,0.116872,0,0.092029
1618099200000000000,917602,809876,107726,107726,0.117399,547.908,0.0914865
1618185600000000000,917940,917940,0,0,0,338.573,0.0911513
1618272000000000000,917940,917940,0,0,0,0,0.0911513
1618358400000000000,917940,917940,0,0,0,0,0.0911513
1618444800000000000,917940,917940,0,0,0,0,0.0911513
1618531200000000000,917940,917940,0,0,0,0,0.0911513
1618617600000000000,917940,917940,0,0,0,0,0.0911513
1618704000000000000,917940,917940,0,0,0,0,0.0911513
1618790400000000000,917940,917940,0,0,0,0,0.0911513
1618876800000000000,917940,917940,0,0,0,0,0.0911513
1618963200000000000,917940,917940,0,0,0,0,0.0911513
1619049600000000000,917940,917940,0,0,0,0,0.0911513
1619136000000000000,917940,917940,0,0,0,0,0.0911513
1619222400000000000,917940,917940,0,0,0,0,0.0911513
1619308800000000000,917940,917940,0,0,0,0,0.0911513
1619395200000000000,917940,917940,0,0,0,0,0.0911513
1619481600000000000,917940,917940,0,0,0,0,0.0911513
1619568000000000000,917940,917940,0,0,0,0,0.0911513
1619654400000000000,917940,917940,0,0,0,0,0.0911513
1619740800000000000,917940,917940,0,0,0,0,0.0911513
1619827200000000000,917940,917940,0,0,0,0,0.0911513
1619913600000000000,917940,917940,0,0,0,0,0.0911513
1620000000000000000,917940,917940,0,0,0,0,0.0911513
1620086400000000000,917940,917940,0,0,0,0,0.0911513
1620172800000000000,918191,740001,178189,178189,0.194066,250.478,0.0909033
1620259200000000000,917885,740001,177884,177884,0.193797,-305.69,0.0912059
1620345600000000000,915736,740001,175735,175735,0.191905,-2148.97,0.0933336
1620432000000000000,916846,740001,176845,176845,0.192884,1110.25,0.0922344
1620518400000000000,918845,740001,178844,178844,0.19464,1999.04,0.0902551
1620604800000000000,919057,740001,179055,179055,0.194825,211.159,0.090046
1620691200000000000,921141,740001,181139,181139,0.196647,2084.03,0.0879827
1620777600000000000,921377,740001,181376,181376,0.196853,236.721,0.0877483
1620864000000000000,922952,740001,182950,182950,0.198223,1574.22,0.0861897
1620950400000000000,921726,740001,181725,181725,0.197157,-1225.24,0.0874028
1621036800000000000,922538,694060,228478,228478,0.247663,811.751,0.086599
1621123200000000000,923855,694060,229795,229795,0.248735,1316.48,0.0852956
1621209600000000000,925197,694060,231137,231137,0.249824,1342.08,0.0839668
1621296000000000000,924917,694060,230857,230857,0.249598,-279.383,0.0842434
1621382400000000000,924137,694060,230077,230077,0.248964,-780.332,0.085016
1621468800000000000,923520,694060,229460,229460,0.248463,-616.736,0.0856267
1621555200000000000,924048,694060,229988,229988,0.248892,528.058,0.0851038
1621641600000000000,925140,694060,231080,231080,0.249779,1091.89,0.0840228
1621728000000000000,924568,694060,230508,230508,0.249314,-572.562,0.0845896
1621814400000000000,924359,694060,230299,230299,0.249145,-208.158,0.0847957
1621900800000000000,925960,694060,231900,231900,0.250443,1600.54,0.0832111
1621987200000000000,923214,694060,229154,229154,0.248213,-2745.81,0.0859297
1622073600000000000,920662,624370,296292,296292,0.321825,-2552.38,0.0884568
1622160000000000000,919083,624370,294713,294713,0.32066,-1579.12,0.0900203
1622246400000000000,921234,624370,296864,296864,0.322246,2151.38,0.0878902
1622332800000000000,923250,624370,298880,298880,0.323726,2015.74,0.0858944
1622419200000000000,920676,624370,296306,296306,0.321835,-2574.05,0.088443
1622505600000000000,923267,624370,298897,298897,0.323739,2591.47,0.0858772
1622592000000000000,924683,624370,300313,300313,0.324774,1415.8,0.0844754
1622678400000000000,925063,624370,300693,300693,0.325051,379.892,0.0840992
1622764800000000000,925459,624370,301089,301089,0.32534,395.921,0.0837072
1622851200000000000,922996,624370,298626,298626,0.32354,-2463.15,0.086146
1622937600000000000,923233,728230,195002,195002,0.211217,237.151,0.0859112
1623024000000000000,924295,667007,257287,257287,0.278361,1061.82,0.0848599
1623110400000000000,922068,667007,255060,255060,0.276618,-2226.98,0.0870648
1623196800000000000,926118,667007,259111,259111,0.279781,4050.48,0.0830545
1623283200000000000,923538,667007,256531,256531,0.27777,-2579.7,0.0856086
1623369600000000000,923416,667007,256409,256409,0.277674,-122.393,0.0857298
1623456000000000000,924263,667007,257256,257256,0.278336,847.066,0.0848911
1623542400000000000,923011,667007,256004,256004,0.277357,-1251.9,0.0861306
1623628800000000000,920526,667007,253519,253519,0.275406,-2485.23,0.0885912
1623715200000000000,921968,667007,254961,254961,0.27654,1442.43,0.0871631
1623801600000000000,923872,667007,256865,256865,0.27803,1903.61,0.0852783
1623888000000000000,921425,667007,254418,254418,0.276113,-2446.86,0.087701
1623974400000000000,922506,667007,255498,255498,0.276961,1080.81,0.0866308
1624060800000000000,928110,667007,261103,261103,0.281327,5604.31,0.0810821
1624147200000000000,933166,667007,266159,266159,0.285221,5056.12,0.076076
1624233600000000000,931641,667007,264633,264633,0.284051,-1525.51,0.0775864
1624320000000000000,931856,667007,264849,264849,0.284216,215.553,0.077373
1624406400000000000,928365,667007,261358,261358,0.281525,-3491.45,0.0808299
1624492800000000000,930763,667007,263756,263756,0.283376,2398.31,0.0784553
1624579200000000000,932697,667007,265689,265689,0.284861,1933.46,0.076541
1624665600000000000,931546,667007,264539,264539,0.283978,-1150.69,0.0776803
1624752000000000000,931024,667007,264016,264016,0.283576,-522.326,0.0781974
1624838400000000000,933517,667007,266509,266509,0.285489,2492.88,0.0757292
1624924800000000000,929632,667007,262625,262625,0.282504,-3884.45,0.0795752
1625011200000000000,936377,667007,269370,269370,0.287672,6744.89,0.0728971
1625097600000000000,934584,667007,267576,267576,0.286305,-1793.39,0.0746728
1625184000000000000,932252,667007,265244,265244,0.28452,-2332.04,0.0769817
1625270400000000000,934360,667007,267352,267352,0.286134,2107.88,0.0748947
1625356800000000000,933249,667007,266242,266242,0.285285,-1110.21,0.0759939
1625443200000000000,932833,667007,265826,265826,0.284966,-415.804,0.0764056
1625529600000000000,937695,725148,212547,212547,0.22667,4861.19,0.0715926
1625616000000000000,935790,622053,313737,313737,0.335265,-1904.45,0.0734781
1625702400000000000,936958,583117,353841,353841,0.377649,1167.65,0.0723221
1625788800000000000,934571,583117,351454,351454,0.376059,-2387.18,0.0746856
1625875200000000000,935563,583117,352446,352446,0.376721,992.205,0.0737032
1625961600000000000,938157,583117,355040,355040,0.378444,2594.53,0.0711344
1626048000000000000,939077,583117,355960,355960,0.379053,919.899,0.0702236
1626134400000000000,936571,583117,353454,353454,0.377391,-2506.55,0.0727053
1626220800000000000,934963,583117,351845,351845,0.37632,-1608.27,0.0742977
1626307200000000000,935688,583117,352571,352571,0.376804,725.194,0.0735796
1626393600000000000,935028,583117,351911,351911,0.376364,-659.278,0.0742324
1626480000000000000,934799,583117,351682,351682,0.376212,-228.985,0.0744591
1626566400000000000,937790,583117,354673,354673,0.378201,2990.97,0.0714978
1626652800000000000,939625,583117,356507,356507,0.379415,1834.08,0.0696818
1626739200000000000,940246,583117,357129,357129,0.379825,621.731,0.0690663
1626825600000000000,938054,583117,354937,354937,0.378376,-2191.95,0.0712365
1626912000000000000,934315,583117,351198,351198,0.375888,-3739.25,0.0749387
1626998400000000000,931390,583117,348273,348273,0.373928,-2924.75,0.0778345
1627084800000000000,931804,705566,226237,226237,0.242795,413.285,0.0774253
1627171200000000000,930240,705566,224673,224673,0.241522,-1564.09,0.0789739
1627257600000000000,932966,705566,227399,227399,0.243738,2726.13,0.0762748
1627344000000000000,935047,705566,229481,229481,0.245422,2081.65,0.0742137
1627430400000000000,932351,804852,127499,127499,0.13675,-2696.57,0.0768836
1627516800000000000,931693,804852,126841,126841,0.136141,-657.778,0.0775349
1627603200000000000,930226,804852,125374,125374,0.134778,-1467.4,0.0789877
1627689600000000000,929609,804852,124758,124758,0.134204,-616.097,0.0795977
1627776000000000000,931718,804852,126866,126866,0.136164,2108.64,0.07751
1627862400000000000,931417,804852,126566,126566,0.135885,-300.654,0.0778077
1627948800000000000,928206,804852,123354,123354,0.132895,-3211.55,0.0809874
1628035200000000000,929042,804852,124191,124191,0.133676,836.615,0.0801591
1628121600000000000,930894,804852,126042,126042,0.135399,1851.42,0.078326
1628208000000000000,926456,804852,121604,121604,0.131258,-4437.84,0.0827199
1628294400000000000,928005,804852,123154,123154,0.132708,1549.12,0.0811861
1628380800000000000,925873,804852,121022,121022,0.130711,-2131.98,0.083297
1628467200000000000,925888,804852,121036,121036,0.130725,14.8022,0.0832823
1628553600000000000,925349,885189,40159.6,40159.6,0.0433994,-539.173,0.0838161
1628640000000000000,926748,885189,41558.7,41558.7,0.0448436,1399.17,0.0824308
1628726400000000000,925739,885189,40549.7,40549.7,0.0438026,-1008.99,0.0834298
1628812800000000000,924414,885189,39224.7,39224.7,0.042432,-1325.01,0.0847417
1628899200000000000,925291,885189,40101.3,40101.3,0.0433392,876.613,0.0838738
1628985600000000000,925363,885189,40173.3,40173.3,0.0434136,71.9878,0.0838025
1629072000000000000,925363,885189,40173.3,40173.3,0.0434136,0,0.0838025
1629158400000000000,924596,885189,39406.6,39406.6,0.0426203,-766.763,0.0845617
1629244800000000000,926386,885189,41196.8,41196.8,0.0444705,1790.27,0.0827891
1629331200000000000,925688,885189,40498.4,40498.4,0.0437495,-698.446,0.0834807
1629417600000000000,926888,885189,41698.5,41698.5,0.0449876,1200.11,0.0822924
1629504000000000000,927225,885189,42035.9,42035.9,0.0453351,337.385,0.0819584
1629590400000000000,926599,885189,41409.4,41409.4,0.0446896,-626.531,0.0825787
1629676800000000000,924991,819655,105336,105336,0.113878,-1607.47,0.0841703
1629763200000000000,925646,819655,105991,105991,0.114505,655.012,0.0835217
1629849600000000000,925521,819655,105866,105866,0.114385,-124.954,0.0836454
1629936000000000000,926298,748793,177506,177506,0.191629,777.027,0.0828761
1630022400000000000,925627,748793,176834,176834,0.191043,-671.175,0.0835406
1630108800000000000,927915,748793,179122,179122,0.193037,2287.49,0.0812758
1630195200000000000,930430,748793,181638,181638,0.195219,2515.69,0.078785
1630281600000000000,930288,748793,181495,181495,0.195096,-142.517,0.0789262
1630368000000000000,926180,748793,177388,177388,0.191526,-4107.39,0.0829929
1630454400000000000,925042,748793,176249,176249,0.190531,-1138.71,0.0841203
1630540800000000000,925137,748793,176345,176345,0.190615,95.6184,0.0840256
1630627200000000000,922983,748793,174190,174190,0.188725,-2154.25,0.0861585
1630713600000000000,924891,748793,176098,176098,0.190399,1907.61,0.0842698
1630800000000000000,924968,748793,176175,176175,0.190466,76.881,0.0841937
1630886400000000000,929993,748793,181200,181200,0.19484,5025.32,0.0792182
1630972800000000000,928812,748793,180020,180020,0.193817,-1180.4,0.0803869
1631059200000000000,930953,748793,182160,182160,0.19567,2140.11,0.0782679
1631145600000000000,928706,748793,179914,179914,0.193725,-2246.15,0.0804919
1631232000000000000,927994,748793,179202,179202,0.193107,-711.97,0.0811968
1631318400000000000,923670,748793,174877,174877,0.189328,-4324.89,0.0854788
1631404800000000000,919692,748793,170899,170899,0.185822,-3977.61,0.089417
1631491200000000000,917482,748793,168689,168689,0.183861,-2210.15,0.0916053
1631577600000000000,917049,748793,168257,168257,0.183476,-432.445,0.0920335
1631664000000000000,917228,786332,130896,130896,0.142709,178.516,0.0918567
1631750400000000000,915092,786332,128760,128760,0.140707,-2136.14,0.0939717
1631836800000000000,916608,786332,130276,130276,0.142129,1516.16,0.0924705
1631923200000000000,916000,786332,129668,129668,0.141559,-608.347,0.0930729
1632009600000000000,915561,851851,63709.9,63709.9,0.0695856,-438.477,0.093507
1632096000000000000,918549,851851,66697.5,66697.5,0.0726118,2987.58,0.090549
1632182400000000000,918928,918928,0,0,0,379.308,0.0901735
1632268800000000000,918928,918928,0,0,0,0,0.0901735
1632355200000000000,918928,918928,0,0,0,0,0.0901735
1632441600000000000,918893,857079,61814.3,61814.3,0.0672703,-34.6585,0.0902078
1632528000000000000,915749,857079,58669.9,58669.9,0.0640677,-3144.33,0.093321
1632614400000000000,916223,857079,59144.5,59144.5,0.0645525,474.562,0.0928511
1632700800000000000,914954,857079,57875.2,57875.2,0.0632548,-1269.26,0.0941078
1632787200000000000,914984,857079,57905.4,57905.4,0.0632857,30.2047,0.0940779
1632873600000000000,914986,857079,57906.8,57906.8,0.0632871,1.35801,0.0940765
1632960000000000000,915512,857079,58432.9,58432.9,0.0638254,526.122,0.0935556
1633046400000000000,916219,916219,0,0,0,707.165,0.0928555
1633132800000000000,916219,916219,0,0,0,0,0.0928555
1633219200000000000,915948,859081,56867.9,56867.9,0.0620864,-270.639,0.0931234
1633305600000000000,917278,859081,58197.9,58197.9,0.0634463,1329.97,0.0918066
1633392000000000000,916320,859081,57239.2,57239.2,0.0624664,-958.717,0.0927558
1633478400000000000,916600,859081,57519.9,57519.9,0.0627536,280.769,0.0924779
1633564800000000000,916600,859081,57519.9,57519.9,0.0627536,0,0.0924779
1633651200000000000,916133,859081,57052.9,57052.9,0.0622757,-467.054,0.0929403
1633737600000000000,916647,859081,57566.5,57566.5,0.0628012,513.651,0.0924317
1633824000000000000,916835,859081,57754.1,57754.1,0.0629929,187.55,0.092246
1633910400000000000,915070,859081,55989.5,55989.5,0.061186,-1764.62,0.0939932
1633996800000000000,915070,859081,55989.5,55989.5,0.061186,0,0.0939932
1634083200000000000,917910,859081,58829.7,58829.7,0.0640909,2840.21,0.0911811
1634169600000000000,917910,859081,58829.7,58829.7,0.0640909,0,0.0911811
1634256000000000000,916666,859081,57585.4,57585.4,0.0628205,-1244.22,0.092413
1634342400000000000,915644,859081,56563.1,56563.1,0.0617742,-1022.33,0.0934252
1634428800000000000,915351,859081,56270.5,56270.5,0.0614742,-292.606,0.0937149
1634515200000000000,913981,859081,54900.5,54900.5,0.0600674,-1370.03,0.0950714
1634601600000000000,913843,859081,54762.9,54762.9,0.0599259,-137.549,0.0952076
1634688000000000000,915545,825030,90514.8,90514.8,0.0988644,1701.63,0.0935228
1634774400000000000,916823,825030,91793.1,91793.1,0.100121,1278.29,0.0922571
1634860800000000000,916285,825030,91255,91255,0.0995923,-538.141,0.09279
1634947200000000000,918010,825030,92979.5,92979.5,0.101284,1724.53,0.0910825
1635033600000000000,919049,825030,94018.7,94018.7,0.1023,1039.18,0.0900536
1635120000000000000,919983,883276,36707.4,36707.4,0.0399001,934.009,0.0891289
1635206400000000000,918294,883276,35018.9,35018.9,0.0381347,-1688.53,0.0908007
1635292800000000000,918294,883276,35018.9,35018.9,0.0381347,0,0.0908007
1635379200000000000,917597,883276,34321.2,34321.2,0.0374033,-697.678,0.0914914
1635465600000000000,917928,883276,34652.8,34652.8,0.0377511,331.618,0.0911631
1635552000000000000,917166,883276,33890.6,33890.6,0.0369515,-762.156,0.0919177
1635638400000000000,915508,883276,32232.6,32232.6,0.0352074,-1657.99,0.0935593
1635724800000000000,914114,883276,30838,30838,0.0337354,-1394.67,0.0949401
1635811200000000000,914114,883276,30838,30838,0.0337354,0,0.0949401
1635897600000000000,916081,883276,32805.5,32805.5,0.0358107,1967.56,0.0929921
1635984000000000000,916694,883276,33418.9,33418.9,0.0364559,613.353,0.0923848
1636070400000000000,917702,883276,34426.8,34426.8,0.0375141,1007.89,0.0913869
1636156800000000000,916534,883276,33258.4,33258.4,0.0362872,-1168.35,0.0925437
1636243200000000000,915088,883276,31812.3,31812.3,0.0347642,-1446.12,0.0939755
1636329600000000000,915088,883276,31812.3,31812.3,0.0347642,0,0.0939755
1636416000000000000,914608,776832,137776,137776,0.150639,-480.37,0.0944511
1636502400000000000,916988,776832,140156,140156,0.152844,2380.42,0.0920942
1636588800000000000,917114,776832,140283,140283,0.152961,126.499,0.091969
1636675200000000000,918523,776832,141691,141691,0.15426,1408.3,0.0905746
1636761600000000000,918075,738666,179409,179409,0.195419,-448,0.0910182
1636848000000000000,917505,738666,178840,178840,0.194919,-569.638,0.0915822
1636934400000000000,916278,776780,139499,139499,0.152245,-1226.92,0.0927969
1637020800000000000,916777,776780,139997,139997,0.152706,498.769,0.0923031
1637107200000000000,916258,776780,139479,139479,0.152226,-518.59,0.0928166
1637193600000000000,914250,776780,137471,137471,0.150364,-2008.05,0.0948047
1637280000000000000,915995,776780,139215,139215,0.151983,1744.6,0.0930774
1637366400000000000,916237,776780,139457,139457,0.152206,241.834,0.092838
1637452800000000000,915975,776780,139195,139195,0.151964,-262.216,0.0930976
1637539200000000000,915521,776780,138741,138741,0.151543,-453.98,0.0935471
1637625600000000000,914924,776780,138145,138145,0.15099,-596.225,0.0941374
1637712000000000000,914332,776780,137552,137552,0.15044,-592.715,0.0947242
1637798400000000000,915221,776780,138441,138441,0.151265,889.009,0.093844
1637884800000000000,915082,776780,138303,138303,0.151137,-138.289,0.093981
1637971200000000000,910006,776780,133226,133226,0.146402,-5076.24,0.0990069
1638057600000000000,911910,848319,63591.2,63591.2,0.069734,1903.63,0.0971221
1638144000000000000,911895,848319,63576.3,63576.3,0.0697189,-14.829,0.0971368
1638230400000000000,909798,848319,61479.9,61479.9,0.0675753,-2096.47,0.0992125
1638316800000000000,909508,805907,103601,103601,0.113909,-290.707,0.0995004
1638403200000000000,909464,805907,103557,103557,0.113866,-44.1425,0.0995441
1638489600000000000,913005,805907,107098,107098,0.117303,3541.27,0.0960379
1638576000000000000,911871,805907,105964,105964,0.116205,-1134.13,0.0971608
1638662400000000000,917522,805907,111616,111616,0.121649,5651.66,0.0915651
1638748800000000000,916973,805907,111066,111066,0.121123,-549.605,0.0921092
1638835200000000000,916896,805907,110989,110989,0.121049,-76.7585,0.0921852
1638921600000000000,917523,805907,111616,111616,0.12165,626.952,0.0915645
1639008000000000000,918327,805907,112420,112420,0.122419,804.063,0.0907684
1639094400000000000,917566,805907,111659,111659,0.121691,-761.305,0.0915222
1639180800000000000,919476,805907,113569,113569,0.123515,1910.11,0.089631
1639267200000000000,918980,805907,113073,113073,0.123042,-496.007,0.0901221
1639353600000000000,918367,805907,112460,112460,0.122456,-613.329,0.0907293
1639440000000000000,918703,805907,112797,112797,0.122778,336.837,0.0903958
1639526400000000000,917837,805907,111930,111930,0.12195,-866.684,0.0912539
1639612800000000000,918968,805907,113062,113062,0.123031,1131.71,0.0901334
1639699200000000000,918995,805907,113089,113089,0.123057,26.9013,0.0901068
1639785600000000000,918432,805907,112525,112525,0.122519,-563.127,0.0906643
1639872000000000000,917754,805907,111847,111847,0.121871,-678.249,0.0913359
1639958400000000000,916502,805907,110595,110595,0.120671,-1251.89,0.0925753
1640044800000000000,914351,805907,108444,108444,0.118602,-2151.2,0.0947052
1640131200000000000,913320,805907,107413,107413,0.117608,-1030.84,0.0957259
1640217600000000000,913230,805907,107323,107323,0.11752,-90.4432,0.0958154
1640304000000000000,914236,805907,108329,108329,0.118491,1006.03,0.0948194
1640390400000000000,911230,805907,105323,105323,0.115583,-3005.75,0.0977953
1640476800000000000,910957,805907,105050,105050,0.115318,-273.198,0.0980658
1640563200000000000,910387,805907,104480,104480,0.114765,-569.834,0.09863
1640649600000000000,910423,805907,104517,104517,0.1148,36.691,0.0985937
1640736000000000000,911589,805907,105682,105682,0.115932,1165.55,0.0974397
1640822400000000000,910217,867869,42348.5,42348.5,0.0465257,-1371.59,0.0987977
1640908800000000000,913697,867869,45828.4,45828.4,0.050157,3479.84,0.0953523
1640995200000000000,913697,867869,45828.4,45828.4,0.050157,0,0.0953523
1641081600000000000,913434,867869,45565.4,45565.4,0.0498837,-262.908,0.0956126
1641168000000000000,912756,867869,44887.5,44887.5,0.049178,-677.934,0.0962838
1641254400000000000,914408,867869,46538.8,46538.8,0.050895,1651.29,0.0946489
1641340800000000000,912977,727819,185159,185159,0.202807,-1430.38,0.0960651
1641427200000000000,911991,727819,184173,184173,0.201946,-985.931,0.0970413
1641513600000000000,910556,727819,182737,182737,0.200687,-1435.85,0.0984629
1641600000000000000,914203,727819,186385,186385,0.203877,3647.94,0.0948511
1641686400000000000,914666,727819,186848,186848,0.20428,462.922,0.0943928
1641772800000000000,912273,727819,184454,184454,0.202192,-2393.79,0.0967628
1641859200000000000,912619,727819,184800,184800,0.202494,346.165,0.0964201
1641945600000000000,913721,727819,185902,185902,0.203456,1101.74,0.0953293
1642032000000000000,912944,727819,185126,185126,0.202779,-776.149,0.0960977
1642118400000000000,915330,727819,187511,187511,0.204856,2385.44,0.0937359
1642204800000000000,915405,727819,187586,187586,0.204921,74.7999,0.0936619
1642291200000000000,919296,727819,191477,191477,0.208287,3891.11,0.0898093
1642377600000000000,920550,727819,192732,192732,0.209366,1254.65,0.0885671
1642464000000000000,917924,727819,190106,190106,0.207104,-2626,0.0911671
1642550400000000000,920840,727819,193021,193021,0.209614,2915.37,0.0882806
1642636800000000000,922105,676802,245303,245303,0.266025,1265.11,0.087028
1642723200000000000,919900,676802,243097,243097,0.264265,-2205.3,0.0892114
1642809600000000000,920254,676802,243452,243452,0.264549,354.899,0.0888601
1642896000000000000,921403,676802,244601,244601,0.265465,1148.44,0.087723
1642982400000000000,921010,676802,244208,244208,0.265152,-392.751,0.0881119
1643068800000000000,920727,676802,243925,243925,0.264926,-283.273,0.0883923
1643155200000000000,916243,676802,239441,239441,0.261329,-4484.01,0.0928319
1643241600000000000,915003,676802,238201,238201,0.260328,-1239.44,0.0940591
1643328000000000000,912003,676802,235200,235200,0.257894,-3000.87,0.0970302
1643414400000000000,911096,676802,234293,234293,0.257156,-906.971,0.0979282
1643500800000000000,912574,676802,235772,235772,0.258359,1478.38,0.0964645
1643587200000000000,912695,676802,235892,235892,0.258457,120.697,0.096345
1643673600000000000,911706,640343,271362,271362,0.297643,-989.002,0.0973242
1643760000000000000,911344,640343,271001,271001,0.297364,-361.882,0.0976825
1643846400000000000,909671,774369,135302,135302,0.148738,-1672.84,0.0993388
1643932800000000000,909270,774369,134902,134902,0.148363,-400.481,0.0997353
1644019200000000000,910862,774369,136493,136493,0.149851,1591.41,0.0981596
1644105600000000000,911797,774369,137429,137429,0.150723,935.359,0.0972335
1644192000000000000,911792,774369,137423,137423,0.150718,-5.60883,0.0972391
1644278400000000000,911158,774369,136790,136790,0.150127,-633.251,0.0978661
1644364800000000000,910757,774369,136389,136389,0.149753,-401.31,0.0982634
1644451200000000000,911425,774369,137057,137057,0.150376,668.216,0.0976018
1644537600000000000,912069,774369,137701,137701,0.150976,644.184,0.096964
1644624000000000000,910468,774369,136099,136099,0.149483,-1601.84,0.09855
1644710400000000000,910132,774369,135763,135763,0.149169,-335.662,0.0988823
1644796800000000000,910514,685947,224568,224568,0.246638,382.504,0.0985036
1644883200000000000,913287,685947,227340,227340,0.248925,2772.23,0.0957588
1644969600000000000,915135,685947,229189,229189,0.250443,1848.79,0.0939283
1645056000000000000,915531,685947,229584,229584,0.250766,395.285,0.093537
1645142400000000000,916137,685947,230190,230190,0.251262,606.081,0.0929369
1645228800000000000,917142,685947,231196,231196,0.252083,1005.64,0.0919412
1645315200000000000,916377,685947,230430,230430,0.251458,-765.565,0.0926992
1645401600000000000,917457,685947,231511,231511,0.252339,1080.38,0.0916295
1645488000000000000,915234,685947,229287,229287,0.250523,-2223.49,0.093831
1645574400000000000,916258,685947,230311,230311,0.251361,1023.87,0.0928173
1645660800000000000,915640,685947,229694,229694,0.250856,-617.321,0.0934285
1645747200000000000,914641,685947,228694,228694,0.250037,-999.422,0.094418
1645833600000000000,915076,685947,229130,229130,0.250394,435.211,0.0939871
1645920000000000000,912648,685947,226701,226701,0.248399,-2428.55,0.0963916
1646006400000000000,913070,685947,227123,227123,0.248747,422.445,0.0959733
1646092800000000000,914928,685947,228981,228981,0.250272,1857.6,0.0941341
1646179200000000000,915363,685947,229417,229417,0.250629,435.608,0.0937028
1646265600000000000,912828,734745,178082,178082,0.195089,-2535.6,0.0962133
1646352000000000000,912916,734745,178171,178171,0.195167,88.5633,0.0961256
1646438400000000000,915162,734745,180416,180416,0.197142,2245.53,0.0939023
1646524800000000000,917598,734745,182853,182853,0.199274,2436.64,0.0914898
1646611200000000000,916817,734745,182071,182071,0.198591,-781.889,0.092264
1646697600000000000,917797,734745,183052,183052,0.199447,980.885,0.0912928
1646784000000000000,921770,734745,187025,187025,0.202898,3972.85,0.0873593
1646870400000000000,921442,669709,251733,251733,0.273195,-328.368,0.0876844
1646956800000000000,919302,669709,249594,249594,0.271503,-2139.75,0.089803
1647043200000000000,923838,669709,254129,254129,0.27508,4535.95,0.0853119
1647129600000000000,924137,669709,254429,254429,0.275315,299.334,0.0850156
1647216000000000000,924946,669709,255237,255237,0.275948,808.544,0.084215
1647302400000000000,925101,669709,255392,255392,0.27607,154.757,0.0840618
1647388800000000000,927547,669709,257839,257839,0.277979,2446.55,0.0816395
1647475200000000000,930624,669709,260915,260915,0.280366,3076.35,0.0785936
1647561600000000000,929417,669709,259709,259709,0.279432,-1206.48,0.0797881
1647648000000000000,929781,669709,260073,260073,0.279714,364.366,0.0794274
1647734400000000000,927561,669709,257853,257853,0.27799,-2220.17,0.0816256
1647820800000000000,925712,669709,256003,256003,0.276547,-1849.66,0.0834569
1647907200000000000,927545,669709,257836,257836,0.277977,1833.22,0.0816419
1647993600000000000,927912,669709,258203,258203,0.278263,367.056,0.0812784
1648080000000000000,927988,669709,258279,258279,0.278322,75.722,0.0812035
1648166400000000000,928620,669709,258912,258912,0.278813,632.443,0.0805773
1648252800000000000,929788,669709,260079,260079,0.279719,1167.47,0.0794214
1648339200000000000,929040,669709,259331,259331,0.279139,-747.962,0.0801619
1648425600000000000,928145,669709,258436,258436,0.278444,-895.088,0.0810482
1648512000000000000,926868,669709,257160,257160,0.27745,-1276.1,0.0823116
1648598400000000000,925316,669709,255608,255608,0.276238,-1552.09,0.0838483
1648684800000000000,923305,669709,253597,253597,0.274662,-2010.88,0.0858393
1648771200000000000,923420,732338,191082,191082,0.206929,114.838,0.0857256
1648857600000000000,920618,817046,103572,103572,0.112502,-2802.45,0.0885003
1648944000000000000,919966,817046,102920,102920,0.111874,-651.641,0.0891455
1649030400000000000,919297,817046,102251,102251,0.111227,-669.336,0.0898082
1649116800000000000,917611,817046,100565,100565,0.109594,-1686.08,0.0914776
1649203200000000000,918207,817046,101161,101161,0.110172,596.516,0.090887
1649289600000000000,916964,817046,99918.1,99918.1,0.108966,-1243.02,0.0921177
1649376000000000000,917400,817046,100353,100353,0.109389,435.253,0.0916867
1649462400000000000,917373,817046,100327,100327,0.109363,-26.2225,0.0917127
1649548800000000000,916372,723212,193161,193161,0.210789,-1000.89,0.0927037
1649635200000000000,916883,723212,193672,193672,0.211228,510.836,0.0921979
1649721600000000000,919237,723212,196025,196025,0.213248,2353.79,0.0898674
1649808000000000000,924179,723212,200968,200968,0.217455,4942.21,0.0849741
1649894400000000000,922331,723212,199120,199120,0.215887,-1848.04,0.0868039
1649980800000000000,919385,723212,196173,196173,0.213374,-2946.51,0.0897212
1650067200000000000,920755,723212,197543,197543,0.214545,1369.84,0.0883649
1650153600000000000,927353,723212,204141,204141,0.220133,6598.16,0.0818321
1650240000000000000,925479,723212,202267,202267,0.218554,-1873.75,0.0836873
1650326400000000000,923122,723212,199911,199911,0.216559,-2356.65,0.0860206
1650412800000000000,916306,723212,193094,193094,0.210731,-6816.42,0.0927695
1650499200000000000,918312,723212,195100,195100,0.212455,2006.04,0.0907834
1650585600000000000,917708,723212,194497,194497,0.211938,-603.44,0.0913808
1650672000000000000,916264,785553,130711,130711,0.142657,-1444.38,0.0928109
1650758400000000000,920792,785553,135239,135239,0.146872,4527.44,0.0883283
1650844800000000000,916513,785553,130960,130960,0.14289,-4278.23,0.0925642
1650931200000000000,915911,785553,130358,130358,0.142326,-602.47,0.0931607
1651017600000000000,916273,785553,130720,130720,0.142665,361.716,0.0928025
1651104000000000000,913358,873405,39953.3,39953.3,0.0437433,-2914.27,0.0956879
1651190400000000000,913358,873405,39953.3,39953.3,0.0437433,0,0.0956879
1651276800000000000,913187,873405,39781.5,39781.5,0.0435634,-171.779,0.095858
1651363200000000000,914833,873405,41428.4,41428.4,0.0452852,1646.94,0.0942274
1651449600000000000,914187,873405,40782.4,40782.4,0.0446105,-646.056,0.094867
1651536000000000000,916099,873405,42694.5,42694.5,0.0466046,1912.08,0.0929739
1651622400000000000,916591,873405,43186.3,43186.3,0.0471162,491.858,0.0924869
1651708800000000000,917994,873405,44589,44589,0.0485722,1402.69,0.0910981
1651795200000000000,918212,873405,44807.3,44807.3,0.0487984,218.312,0.090882
1651881600000000000,918861,826419,92441.9,92441.9,0.100605,649.024,0.0902394
1651968000000000000,919462,826419,93042.6,93042.6,0.101192,600.739,0.0896446
1652054400000000000,920288,826419,93868.8,93868.8,0.101999,826.126,0.0888266
1652140800000000000,919938,826419,93518.5,93518.5,0.101657,-350.286,0.0891735
1652227200000000000,923733,826419,97313.4,97313.4,0.105348,3794.95,0.0854161
1652313600000000000,925715,826419,99295.2,99295.2,0.107263,1981.76,0.083454
1652400000000000000,925293,826419,98873.4,98873.4,0.106856,-421.748,0.0838715
1652486400000000000,924611,826419,98191.3,98191.3,0.106197,-682.081,0.0845469
1652572800000000000,924133,826419,97713.1,97713.1,0.105735,-478.242,0.0850204
1652659200000000000,926575,826419,100155,100155,0.108092,2442.09,0.0826025
1652745600000000000,926914,826419,100494,100494,0.108418,339.223,0.0822666
1652832000000000000,925152,826419,98732.3,98732.3,0.10672,-1762.09,0.0840112
1652918400000000000,927590,826419,101171,101171,0.109068,2438.3,0.0815971
1653004800000000000,924782,826419,98362.8,98362.8,0.106363,-2807.81,0.0843771
1653091200000000000,925091,826419,98671.5,98671.5,0.106661,308.713,0.0840714
1653177600000000000,925311,826419,98891.2,98891.2,0.106874,219.687,0.0838539
1653264000000000000,922527,826419,96107.9,96107.9,0.104179,-2783.27,0.0866096
1653350400000000000,922510,872199,50311.8,50311.8,0.0545379,-17.0587,0.0866265
1653436800000000000,922427,872199,50228.1,50228.1,0.0544522,-83.6423,0.0867093
1653523200000000000,919646,872199,47447.2,47447.2,0.0515929,-2780.91,0.0894627
1653609600000000000,919014,872199,46815.4,46815.4,0.0509409,-631.795,0.0900882
1653696000000000000,918265,872199,46066.4,46066.4,0.0501668,-748.986,0.0908298
1653782400000000000,919235,827751,91483.4,91483.4,0.0995212,969.821,0.0898696
1653868800000000000,917296,827751,89544.2,89544.2,0.0976176,-1939.22,0.0917896
1653955200000000000,913843,827751,86091.4,86091.4,0.0942081,-3452.79,0.0952082
1654041600000000000,912071,686235,225836,225836,0.247608,-1771.74,0.0969624
1654128000000000000,914186,686235,227951,227951,0.249349,2115.24,0.0948681
1654214400000000000,913560,686235,227324,227324,0.248834,-626.772,0.0954887
1654300800000000000,914227,686235,227992,227992,0.249382,667.235,0.094828
1654387200000000000,913532,686235,227297,227297,0.248811,-694.392,0.0955155
1654473600000000000,913837,730496,183341,183341,0.200628,304.61,0.0952139
1654560000000000000,915491,730496,184995,184995,0.202072,1653.57,0.0935768
1654646400000000000,917217,730496,186721,186721,0.203573,1726.07,0.0918678
1654732800000000000,919929,730496,189434,189434,0.205922,2712.65,0.089182
1654819200000000000,920589,730496,190093,190093,0.206491,659.36,0.0885292
1654905600000000000,920360,730496,189865,189865,0.206294,-228.286,0.0887552
1654992000000000000,917143,730496,186648,186648,0.20351,-3217.1,0.0919404
1655078400000000000,914512,730496,184016,184016,0.201218,-2631.52,0.0945459
1655164800000000000,915119,768504,146615,146615,0.160214,607.442,0.0939445
1655251200000000000,915297,768504,146793,146793,0.160377,178.038,0.0937682
